No. Urut,Ref,Tgl Ref,No. Ref,No. Dok Ref,Kode Cust,Nama Cust,Alamat Cust,Kode Panel,Nama Panel,Kode Sales,Nama Sales,Keterangan,Pajak,Kategori Pjk,Kode Barang,Nama Jns Brg,Ket Ref,Qty,Sat,Qty Std,Sat Std,Harga (+),Harga Sbl (+),Harga Unit(Mu),Total(MU),Disc. 1 (%),Disc. 1 (MU),Disc. 2 (%),Disc. 2 (MU),Disc. 3 (%),Disc. 3 (MU),Disc. 4 (MU),Disc. 5 (%),Disc. 5 (MU),Disc. 6 (MU),Subtot Disc(Mu),Subtot(Mu),Hrg Unit Riil(Mu),Total Riil(Mu),Subtot Disc Riil(Mu),Subtot Riil(Mu),Disc Akh(Mu),Subtot Net(Mu),Pjk(Mu),Subtot Net Pjk(Mu),Kode Kota,Nama Kota
81.,FJ,02/05/2025,2505-MX0005,2505-MX0005,C-CV--003,CV SUPER MART SENTOSA,URIMESING,,,SL12,FENDRY,,PPN,Include,41000001415,,D,8.00,BOX,120.00,PCS,0.00,"30,937.50","30,937.50","247,500.00",0.00,0.00,0.00,0.00,0.00,0.00,0.00,0.00,0.00,0.00,0.00,"247,500.00","27,871.62","222,972.97",0.00,"222,972.97",0.00,"222,972.97","24,527.03","247,500.00",AMBON,AMBON
82.,FJ,02/05/2025,2505-MX0005,2505-MX0005,C-CV--003,CV SUPER MART SENTOSA,URIMESING,,,SL12,FENDRY,,PPN,Include,41000001061,,D,3.00,PCS,3.00,PCS,0.00,"8,547.00","8,547.00","25,641.00",0.00,0.00,0.00,0.00,0.00,0.00,0.00,0.00,0.00,0.00,0.00,"25,641.00","7,700.00","23,100.00",0.00,"23,100.00",0.00,"23,100.00","2,541.00","25,641.00",AMBON,AMBON
83.,FJ,02/05/2025,2505-MX0005,2505-MX0005,C-CV--003,CV SUPER MART SENTOSA,URIMESING,,,SL12,FENDRY,,PPN,Include,4100000002,,D,3.00,PCS,3.00,PCS,0.00,"8,547.00","8,547.00","25,641.00",0.00,0.00,0.00,0.00,0.00,0.00,0.00,0.00,0.00,0.00,0.00,"25,641.00","7,700.00","23,100.00",0.00,"23,100.00",0.00,"23,100.00","2,541.00","25,641.00",AMBON,AMBON
84.,FJ,02/05/2025,2505-MX0005,2505-MX0005,C-CV--003,CV SUPER MART SENTOSA,URIMESING,,,SL12,FENDRY,,PPN,Include,4100000442,,D,1.00,CRT,2.00,BAL,0.00,"138,000.00","138,000.00","138,000.00",0.00,0.00,0.00,0.00,0.00,0.00,0.00,0.00,0.00,0.00,0.00,"138,000.00","124,324.32","124,324.32",0.00,"124,324.32",0.00,"124,324.32","13,675.68","138,000.00",AMBON,AMBON
94.,FJ,02/05/2025,2505-MX0004,2505-MX0004,CUST0066,SANDY,PASSO,,,SL12,Erwin Taneo,,PPN,Include,4100001212.,,D,1.00,CRT,60.00,PCS,0.00,"102,300.00","102,300.00","102,300.00",0.00,0.00,0.00,0.00,0.00,0.00,0.00,0.00,0.00,0.00,0.00,"102,300.00","92,162.16","92,162.16",0.00,"92,162.16",0.00,"92,162.16","10,137.84","102,300.00",AMBON,AMBON
166.,FJ,02/05/2025,2505-MX0014,2505-MX0014,KV00678,TOKO NANI (KONTAN),PASSO,,,SL12,Erwin Taneo,,PPN,Include,4100000909,,D,2.00,CRT,32.00,PCS,0.00,"132,000.00","132,000.00","264,000.00",0.00,0.00,0.00,0.00,0.00,0.00,0.00,0.00,0.00,0.00,0.00,"264,000.00","118,918.92","237,837.84",0.00,"237,837.84",0.00,"237,837.84","26,162.16","264,000.00",AMBON,AMBON
167.,FJ,02/05/2025,2505-MX0014,2505-MX0014,KV00678,TOKO NANI (KONTAN),PASSO,,,SL12,Erwin Taneo,,PPN,Include,4100000920,,D,2.00,CRT,32.00,PCS,0.00,"132,000.00","132,000.00","264,000.00",0.00,0.00,0.00,0.00,0.00,0.00,0.00,0.00,0.00,0.00,0.00,"264,000.00","118,918.92","237,837.84",0.00,"237,837.84",0.00,"237,837.84","26,162.16","264,000.00",AMBON,AMBON
44.,FJ,03/05/2025,2505-MX0039,2505-MX0039,110--KIO0758,KIOS JHON,KY PUTIH,,,SL12,Erwin Taneo,,PPN,Include,4100001212.,,D,1.00,CRT,60.00,PCS,0.00,"102,300.00","102,300.00","102,300.00",0.00,0.00,0.00,0.00,0.00,0.00,0.00,0.00,0.00,0.00,0.00,"102,300.00","92,162.16","92,162.16",0.00,"92,162.16",0.00,"92,162.16","10,137.84","102,300.00",AMBON,AMBON
51.,FJ,03/05/2025,2505-MX0037,2505-MX0037,110--PEN0535,PENGINAPAN TANAH TINGGI,SKIP,,,SL12,Erwin Taneo,,PPN,Include,4100001212.,,D,1.00,CRT,60.00,PCS,0.00,"102,300.00","102,300.00","102,300.00",0.00,0.00,0.00,0.00,0.00,0.00,0.00,0.00,0.00,0.00,0.00,"102,300.00","92,162.16","92,162.16",0.00,"92,162.16",0.00,"92,162.16","10,137.84","102,300.00",AMBON,AMBON
52.,FJ,03/05/2025,2505-MX0037,2505-MX0037,110--PEN0535,PENGINAPAN TANAH TINGGI,SKIP,,,SL12,Erwin Taneo,,PPN,Include,4100001151,,D,1.00,CRT,60.00,PCS,0.00,"102,300.00","102,300.00","102,300.00",0.00,0.00,0.00,0.00,0.00,0.00,0.00,0.00,0.00,0.00,0.00,"102,300.00","92,162.16","92,162.16",0.00,"92,162.16",0.00,"92,162.16","10,137.84","102,300.00",AMBON,AMBON
54.,FJ,03/05/2025,2505-MX0045,2505-MX0045,110--PT.0481,PT. INTI CAKRAWALA CITRA,"JL. ANCOL BARAT I NO. 9-10 ANCOL PADEMANGAN JAKARTA UTARA, DKII JAKARTA-14430",,,SL10,FENDRY,,PPN,Include,4100001374,,D,4.00,CRT,480.00,PCS,0.00,"206,499.60","224,399.90","897,599.60",0.00,0.00,0.00,0.00,0.00,0.00,0.00,0.00,0.00,0.00,0.00,"897,599.60","202,162.07","808,648.29",0.00,"808,648.29",0.00,"808,648.29","88,951.31","897,599.60",JAKARTA,JAKARTA
79.,FJ,03/05/2025,2505-MX0036,2505-MX0036,110-CUS-KHU-CV0001,CV SERBA USAHA,KARPAN,,,SL12,Erwin Taneo,,PPN,Include,4100001079NEW,,D,12.00,PCS,12.00,PCS,0.00,"5,750.00","5,750.00","69,000.00",0.00,0.00,0.00,0.00,0.00,0.00,0.00,0.00,0.00,0.00,0.00,"69,000.00","5,180.18","62,162.16",0.00,"62,162.16",0.00,"62,162.16","6,837.84","69,000.00",AMBON,AMBON
161.,FJ,03/05/2025,2505-MX0031,2505-MX0031,KV00264,EMPI,KUDAMATI,,,SL12,Erwin Taneo,,PPN,Include,4100001128,,D,3.00,CRT,180.00,PCS,0.00,"102,300.00","102,300.00","306,900.00",42.00,"42,966.00",8.00,"4,746.72",0.00,0.00,0.00,0.00,0.00,0.00,"143,138.16","163,761.84","92,162.16","276,486.49","128,953.30","147,533.19",0.00,"147,533.19","16,228.65","163,761.84",AMBON,AMBON
1.,FJ,05/05/2025,2505-MX0065,2505-MX0065, 110--KIO0541,RAFAEL,SETIA BUDI,,,SL12,Erwin Taneo,,PPN,Include,4100001206,,D,5.00,CRT,300.00,PCS,0.00,"102,300.00","102,300.00","511,500.00",0.00,0.00,0.00,0.00,0.00,0.00,0.00,0.00,0.00,0.00,0.00,"511,500.00","92,162.16","460,810.81",0.00,"460,810.81",0.00,"460,810.81","50,689.19","511,500.00",AMBON,AMBON
2.,FJ,05/05/2025,2505-MX0065,2505-MX0065, 110--KIO0541,RAFAEL,SETIA BUDI,,,SL12,Erwin Taneo,,PPN,Include,4100001212.,,D,5.00,CRT,300.00,PCS,0.00,"102,300.00","102,300.00","511,500.00",0.00,0.00,0.00,0.00,0.00,0.00,0.00,0.00,0.00,0.00,0.00,"511,500.00","92,162.16","460,810.81",0.00,"460,810.81",0.00,"460,810.81","50,689.19","511,500.00",AMBON,AMBON
10.,FJ,05/05/2025,2505-MX0061,2505-MX0061,110--ALI0388,ALIF KIOS,GUNUNG MALINTANG,,,SL12,Erwin Taneo,,PPN,Include,41000001424,,D,1.00,BALL,12.00,PAK,0.00,"90,000.00","90,000.00","90,000.00",0.00,0.00,0.00,0.00,0.00,0.00,0.00,0.00,0.00,0.00,0.00,"90,000.00","81,081.08","81,081.08",0.00,"81,081.08",0.00,"81,081.08","8,918.92","90,000.00",AMBON,AMBON
11.,FJ,05/05/2025,2505-MX0061,2505-MX0061,110--ALI0388,ALIF KIOS,GUNUNG MALINTANG,,,SL12,Erwin Taneo,,PPN,Include,4100000601.,,D,4.00,RCG,48.00,PCS,0.00,"10,725.60","10,725.60","42,902.40",0.00,0.00,0.00,0.00,0.00,0.00,0.00,0.00,0.00,0.00,0.00,"42,902.40","9,662.70","38,650.81",0.00,"38,650.81",0.00,"38,650.81","4,251.59","42,902.40",AMBON,AMBON
12.,FJ,05/05/2025,2505-MX0061,2505-MX0061,110--ALI0388,ALIF KIOS,GUNUNG MALINTANG,,,SL12,Erwin Taneo,,PPN,Include,4100000964.GT,,D,4.00,RCG,48.00,PCS,0.00,"10,725.60","10,725.60","42,902.40",0.00,0.00,0.00,0.00,0.00,0.00,0.00,0.00,0.00,0.00,0.00,"42,902.40","9,662.70","38,650.81",0.00,"38,650.81",0.00,"38,650.81","4,251.59","42,902.40",AMBON,AMBON
35.,FJ,05/05/2025,2505-MX0064,2505-MX0064,110--IPI0117,IPING KIOS,MARDIKA,,,SL12,Erwin Taneo,,PPN,Include,4100001396,,D,1.00,RTG,12.00,PCS,0.00,"9,750.00","9,750.00","9,750.00",0.00,0.00,0.00,0.00,0.00,0.00,0.00,0.00,0.00,0.00,0.00,"9,750.00","8,783.78","8,783.78",0.00,"8,783.78",0.00,"8,783.78",966.22,"9,750.00",AMBON,AMBON
36.,FJ,05/05/2025,2505-MX0064,2505-MX0064,110--IPI0117,IPING KIOS,MARDIKA,,,SL12,Erwin Taneo,,PPN,Include,4100001397,,D,1.00,RTG,12.00,PCS,0.00,"9,750.00","9,750.00","9,750.00",0.00,0.00,0.00,0.00,0.00,0.00,0.00,0.00,0.00,0.00,0.00,"9,750.00","8,783.78","8,783.78",0.00,"8,783.78",0.00,"8,783.78",966.22,"9,750.00",AMBON,AMBON
37.,FJ,05/05/2025,2505-MX0064,2505-MX0064,110--IPI0117,IPING KIOS,MARDIKA,,,SL12,Erwin Taneo,,PPN,Include,4100001224,,D,3.00,RCG,30.00,PCS,0.00,"17,000.00","17,000.00","51,000.00",0.00,0.00,0.00,0.00,0.00,0.00,0.00,0.00,0.00,0.00,0.00,"51,000.00","15,315.32","45,945.95",0.00,"45,945.95",0.00,"45,945.95","5,054.05","51,000.00",AMBON,AMBON
38.,FJ,05/05/2025,2505-MX0064,2505-MX0064,110--IPI0117,IPING KIOS,MARDIKA,,,SL12,Erwin Taneo,,PPN,Include,4100001187,,D,3.00,RCG,30.00,PCS,0.00,"17,000.00","17,000.00","51,000.00",0.00,0.00,0.00,0.00,0.00,0.00,0.00,0.00,0.00,0.00,0.00,"51,000.00","15,315.32","45,945.95",0.00,"45,945.95",0.00,"45,945.95","5,054.05","51,000.00",AMBON,AMBON
39.,FJ,05/05/2025,2505-MX0064,2505-MX0064,110--IPI0117,IPING KIOS,MARDIKA,,,SL12,Erwin Taneo,,PPN,Include,4100001295,,D,3.00,RCG,30.00,PCS,0.00,"16,400.00","16,400.00","49,200.00",0.00,0.00,0.00,0.00,0.00,0.00,0.00,0.00,0.00,0.00,0.00,"49,200.00","14,774.77","44,324.32",0.00,"44,324.32",0.00,"44,324.32","4,875.67","49,199.99",AMBON,AMBON
40.,FJ,05/05/2025,2505-MX0064,2505-MX0064,110--IPI0117,IPING KIOS,MARDIKA,,,SL12,Erwin Taneo,,PPN,Include,41000001258,,D,3.00,RTG,30.00,PCS,0.00,"20,320.00","20,320.00","60,960.00",0.00,0.00,0.00,0.00,0.00,0.00,0.00,0.00,0.00,0.00,0.00,"60,960.00","18,306.31","54,918.92",0.00,"54,918.92",0.00,"54,918.92","6,041.08","60,960.00",AMBON,AMBON
41.,FJ,05/05/2025,2505-MX0064,2505-MX0064,110--IPI0117,IPING KIOS,MARDIKA,,,SL12,Erwin Taneo,,PPN,Include,4100000852,,D,2.00,RTG,24.00,PCS,0.00,"10,725.60","10,725.60","21,451.20",0.00,0.00,0.00,0.00,0.00,0.00,0.00,0.00,0.00,0.00,0.00,"21,451.20","9,662.70","19,325.41",0.00,"19,325.41",0.00,"19,325.41","2,125.80","21,451.21",AMBON,AMBON
126.,FJ,05/05/2025,2505-MX0062,2505-MX0062,CUST0198,RAHMA KIOS,KEBUN CENGKEH,,,SL12,Erwin Taneo,,PPN,Include,4100000885NEW,,D,12.00,PCS,12.00,PCS,0.00,"5,750.00","5,750.00","69,000.00",0.00,0.00,0.00,0.00,0.00,0.00,0.00,0.00,0.00,0.00,0.00,"69,000.00","5,180.18","62,162.16",0.00,"62,162.16",0.00,"62,162.16","6,837.84","69,000.00",AMBON,AMBON
127.,FJ,05/05/2025,2505-MX0062,2505-MX0062,CUST0198,RAHMA KIOS,KEBUN CENGKEH,,,SL12,Erwin Taneo,,PPN,Include,4100001079NEW,,D,12.00,PCS,12.00,PCS,0.00,"5,750.00","5,750.00","69,000.00",0.00,0.00,0.00,0.00,0.00,0.00,0.00,0.00,0.00,0.00,0.00,"69,000.00","5,180.18","62,162.16",0.00,"62,162.16",0.00,"62,162.16","6,837.84","69,000.00",AMBON,AMBON
128.,FJ,05/05/2025,2505-MX0062,2505-MX0062,CUST0198,RAHMA KIOS,KEBUN CENGKEH,,,SL12,Erwin Taneo,,PPN,Include,4100001080NEW,,D,12.00,PCS,12.00,PCS,0.00,"5,750.00","5,750.00","69,000.00",0.00,0.00,0.00,0.00,0.00,0.00,0.00,0.00,0.00,0.00,0.00,"69,000.00","5,180.18","62,162.16",0.00,"62,162.16",0.00,"62,162.16","6,837.84","69,000.00",AMBON,AMBON
140.,FJ,05/05/2025,2505-MX0063,2505-MX0063,CUST1346,TOKO AXEL,"DEPAN LRG PLN, PASSO",,,SL12,Erwin Taneo,,PPN,Include,4100000073,,D,6.00,BTL,6.00,BTL,0.00,"8,700.00","8,700.00","52,200.00",0.00,0.00,0.00,0.00,0.00,0.00,0.00,0.00,0.00,0.00,0.00,"52,200.00","7,837.84","47,027.03",0.00,"47,027.03",0.00,"47,027.03","5,172.97","52,200.00",AMBON,AMBON
141.,FJ,05/05/2025,2505-MX0063,2505-MX0063,CUST1346,TOKO AXEL,"DEPAN LRG PLN, PASSO",,,SL12,Erwin Taneo,,PPN,Include,4100000047,,D,6.00,BTL,6.00,BTL,0.00,"12,000.00","12,000.00","72,000.00",0.00,0.00,0.00,0.00,0.00,0.00,0.00,0.00,0.00,0.00,0.00,"72,000.00","10,810.81","64,864.86",0.00,"64,864.86",0.00,"64,864.86","7,135.13","71,999.99",AMBON,AMBON
142.,FJ,05/05/2025,2505-MX0063,2505-MX0063,CUST1346,TOKO AXEL,"DEPAN LRG PLN, PASSO",,,SL12,Erwin Taneo,,PPN,Include,4100000967,,D,6.00,PCS,6.00,PCS,0.00,"13,622.73","13,622.73","81,736.38",0.00,0.00,0.00,0.00,0.00,0.00,0.00,0.00,0.00,0.00,0.00,"81,736.38","12,272.73","73,636.38",0.00,"73,636.38",0.00,"73,636.38","8,100.01","81,736.39",AMBON,AMBON
145.,FJ,05/05/2025,2505-MX0069,2505-MX0069,CUST1400,ONCO / ADEMA,HITU,,,EL01,Erwin Taneo,,PPN,Include,4100001212.,,D,6.00,CRT,360.00,PCS,0.00,"102,300.00","102,300.00","613,800.00",0.00,0.00,0.00,0.00,0.00,0.00,0.00,0.00,0.00,0.00,0.00,"613,800.00","92,162.16","552,972.97",0.00,"552,972.97",0.00,"552,972.97","60,827.03","613,800.00",AMBON,AMBON
165.,FJ,05/05/2025,2505-MX0060,2505-MX0060,KV00587,MANA SAPARUA,GALALA,,,SL12,Erwin Taneo,,PPN,Include,4100000964.GT,,D,8.00,RCG,96.00,PCS,0.00,"10,725.60","10,725.60","85,804.80",0.00,0.00,0.00,0.00,0.00,0.00,0.00,0.00,0.00,0.00,0.00,"85,804.80","9,662.70","77,301.62",0.00,"77,301.62",0.00,"77,301.62","8,503.18","85,804.80",AMBON,AMBON
13.,FJ,06/05/2025,2505-MX0104,2505-MX0104,110--CV.0859,CV. OASIS,WAILELA SEBELUM KFC,,,SL12,FENDRY,,PPN,Include,4100000002,,D,12.00,PCS,12.00,PCS,0.00,"8,547.00","8,547.00","102,564.00",0.00,0.00,0.00,0.00,0.00,0.00,0.00,0.00,0.00,0.00,0.00,"102,564.00","7,700.00","92,400.00",0.00,"92,400.00",0.00,"92,400.00","10,164.00","102,564.00",AMBON,AMBON
14.,FJ,06/05/2025,2505-MX0104,2505-MX0104,110--CV.0859,CV. OASIS,WAILELA SEBELUM KFC,,,SL12,FENDRY,,PPN,Include,4100001291,,D,1.00,CRT,24.00,PCS,0.00,"112,907.04","112,907.04","112,907.04",0.00,0.00,0.00,0.00,0.00,0.00,0.00,0.00,0.00,0.00,0.00,"112,907.04","101,718.05","101,718.05",0.00,"101,718.05",0.00,"101,718.05","11,188.99","112,907.04",AMBON,AMBON
15.,FJ,06/05/2025,2505-MX0104,2505-MX0104,110--CV.0859,CV. OASIS,WAILELA SEBELUM KFC,,,SL12,FENDRY,,PPN,Include,4100000982,,D,12.00,BTL,12.00,BTL,0.00,"10,800.00","10,800.00","129,600.00",0.00,0.00,0.00,0.00,0.00,0.00,0.00,0.00,0.00,0.00,0.00,"129,600.00","9,729.73","116,756.76",0.00,"116,756.76",0.00,"116,756.76","12,843.24","129,600.00",AMBON,AMBON
16.,FJ,06/05/2025,2505-MX0104,2505-MX0104,110--CV.0859,CV. OASIS,WAILELA SEBELUM KFC,,,SL12,FENDRY,,PPN,Include,4100000894,,D,12.00,PCS,12.00,PCS,0.00,"5,300.00","5,300.00","63,600.00",0.00,0.00,0.00,0.00,0.00,0.00,0.00,0.00,0.00,0.00,0.00,"63,600.00","4,774.77","57,297.30",0.00,"57,297.30",0.00,"57,297.30","6,302.70","63,600.00",AMBON,AMBON
17.,FJ,06/05/2025,2505-MX0104,2505-MX0104,110--CV.0859,CV. OASIS,WAILELA SEBELUM KFC,,,SL12,FENDRY,,PPN,Include,4100000448-NEW,,D,1.00,CRT,24.00,PCS,0.00,"138,000.00","138,000.00","138,000.00",0.00,0.00,0.00,0.00,0.00,0.00,0.00,0.00,0.00,0.00,0.00,"138,000.00","124,324.32","124,324.32",0.00,"124,324.32",0.00,"124,324.32","13,675.68","138,000.00",AMBON,AMBON
18.,FJ,06/05/2025,2505-MX0104,2505-MX0104,110--CV.0859,CV. OASIS,WAILELA SEBELUM KFC,,,SL12,FENDRY,,PPN,Include,4100000450,,D,2.00,CRT,24.00,PCS,0.00,"276,000.00","276,000.00","552,000.00",0.00,0.00,0.00,0.00,0.00,0.00,0.00,0.00,0.00,0.00,0.00,"552,000.00","248,648.65","497,297.30",0.00,"497,297.30",0.00,"497,297.30","54,702.70","552,000.00",AMBON,AMBON
19.,FJ,06/05/2025,2505-MX0104,2505-MX0104,110--CV.0859,CV. OASIS,WAILELA SEBELUM KFC,,,SL12,FENDRY,,PPN,Include,4100000442,,D,2.00,CRT,4.00,BAL,0.00,"138,000.00","138,000.00","276,000.00",0.00,0.00,0.00,0.00,0.00,0.00,0.00,0.00,0.00,0.00,0.00,"276,000.00","124,324.32","248,648.65",0.00,"248,648.65",0.00,"248,648.65","27,351.35","276,000.00",AMBON,AMBON
20.,FJ,06/05/2025,2505-MX0104,2505-MX0104,110--CV.0859,CV. OASIS,WAILELA SEBELUM KFC,,,SL12,FENDRY,,PPN,Include,4100001284,,D,1.00,CRT,24.00,PCS,0.00,"111,600.00","111,600.00","111,600.00",0.00,0.00,0.00,0.00,0.00,0.00,0.00,0.00,0.00,0.00,0.00,"111,600.00","100,540.54","100,540.54",0.00,"100,540.54",0.00,"100,540.54","11,059.46","111,600.00",AMBON,AMBON
21.,FJ,06/05/2025,2505-MX0104,2505-MX0104,110--CV.0859,CV. OASIS,WAILELA SEBELUM KFC,,,SL12,FENDRY,,PPN,Include,4100000987,,D,1.00,CRT,16.00,PCS,0.00,"132,000.00","132,000.00","132,000.00",0.00,0.00,0.00,0.00,0.00,0.00,0.00,0.00,0.00,0.00,0.00,"132,000.00","118,918.92","118,918.92",0.00,"118,918.92",0.00,"118,918.92","13,081.08","132,000.00",AMBON,AMBON
22.,FJ,06/05/2025,2505-MX0104,2505-MX0104,110--CV.0859,CV. OASIS,WAILELA SEBELUM KFC,,,SL12,FENDRY,,PPN,Include,4100000920,,D,1.00,CRT,16.00,PCS,0.00,"132,000.00","132,000.00","132,000.00",0.00,0.00,0.00,0.00,0.00,0.00,0.00,0.00,0.00,0.00,0.00,"132,000.00","118,918.92","118,918.92",0.00,"118,918.92",0.00,"118,918.92","13,081.08","132,000.00",AMBON,AMBON
23.,FJ,06/05/2025,2505-MX0104,2505-MX0104,110--CV.0859,CV. OASIS,WAILELA SEBELUM KFC,,,SL12,FENDRY,,PPN,Include,4100000909,,D,1.00,CRT,16.00,PCS,0.00,"132,000.00","132,000.00","132,000.00",0.00,0.00,0.00,0.00,0.00,0.00,0.00,0.00,0.00,0.00,0.00,"132,000.00","118,918.92","118,918.92",0.00,"118,918.92",0.00,"118,918.92","13,081.08","132,000.00",AMBON,AMBON
24.,FJ,06/05/2025,2505-MX0104,2505-MX0104,110--CV.0859,CV. OASIS,WAILELA SEBELUM KFC,,,SL12,FENDRY,,PPN,Include,4100000447,,D,1.00,CRT,24.00,PCS,0.00,"138,000.00","138,000.00","138,000.00",0.00,0.00,0.00,0.00,0.00,0.00,0.00,0.00,0.00,0.00,0.00,"138,000.00","124,324.32","124,324.32",0.00,"124,324.32",0.00,"124,324.32","13,675.68","138,000.00",AMBON,AMBON
25.,FJ,06/05/2025,2505-MX0104,2505-MX0104,110--CV.0859,CV. OASIS,WAILELA SEBELUM KFC,,,SL12,FENDRY,,PPN,Include,4100000445,,D,2.00,CRT,48.00,PCS,0.00,"138,000.00","138,000.00","276,000.00",0.00,0.00,0.00,0.00,0.00,0.00,0.00,0.00,0.00,0.00,0.00,"276,000.00","124,324.32","248,648.65",0.00,"248,648.65",0.00,"248,648.65","27,351.35","276,000.00",AMBON,AMBON
26.,FJ,06/05/2025,2505-MX0104,2505-MX0104,110--CV.0859,CV. OASIS,WAILELA SEBELUM KFC,,,SL12,FENDRY,,PPN,Include,4100001212.,,D,2.00,CRT,120.00,PCS,0.00,"102,300.00","102,300.00","204,600.00",0.00,0.00,0.00,0.00,0.00,0.00,0.00,0.00,0.00,0.00,0.00,"204,600.00","92,162.16","184,324.32",0.00,"184,324.32",0.00,"184,324.32","20,275.68","204,600.00",AMBON,AMBON
27.,FJ,06/05/2025,2505-MX0104,2505-MX0104,110--CV.0859,CV. OASIS,WAILELA SEBELUM KFC,,,SL12,FENDRY,,PPN,Include,4100001206,,D,1.00,CRT,60.00,PCS,0.00,"102,300.00","102,300.00","102,300.00",0.00,0.00,0.00,0.00,0.00,0.00,0.00,0.00,0.00,0.00,0.00,"102,300.00","92,162.16","92,162.16",0.00,"92,162.16",0.00,"92,162.16","10,137.84","102,300.00",AMBON,AMBON
28.,FJ,06/05/2025,2505-MX0104,2505-MX0104,110--CV.0859,CV. OASIS,WAILELA SEBELUM KFC,,,SL12,FENDRY,,PPN,Include,4100000852,,D,4.00,RTG,48.00,PCS,0.00,"10,725.60","10,725.60","42,902.40",0.00,0.00,0.00,0.00,0.00,0.00,0.00,0.00,0.00,0.00,0.00,"42,902.40","9,662.70","38,650.81",0.00,"38,650.81",0.00,"38,650.81","4,251.59","42,902.40",AMBON,AMBON
29.,FJ,06/05/2025,2505-MX0104,2505-MX0104,110--CV.0859,CV. OASIS,WAILELA SEBELUM KFC,,,SL12,FENDRY,,PPN,Include,4100000804,,D,4.00,RTG,48.00,PCS,0.00,"10,725.60","10,725.60","42,902.40",0.00,0.00,0.00,0.00,0.00,0.00,0.00,0.00,0.00,0.00,0.00,"42,902.40","9,662.70","38,650.81",0.00,"38,650.81",0.00,"38,650.81","4,251.59","42,902.40",AMBON,AMBON
30.,FJ,06/05/2025,2505-MX0104,2505-MX0104,110--CV.0859,CV. OASIS,WAILELA SEBELUM KFC,,,SL12,FENDRY,,PPN,Include,4100000601.,,D,4.00,RCG,48.00,PCS,0.00,"10,725.60","10,725.60","42,902.40",0.00,0.00,0.00,0.00,0.00,0.00,0.00,0.00,0.00,0.00,0.00,"42,902.40","9,662.70","38,650.81",0.00,"38,650.81",0.00,"38,650.81","4,251.59","42,902.40",AMBON,AMBON
31.,FJ,06/05/2025,2505-MX0104,2505-MX0104,110--CV.0859,CV. OASIS,WAILELA SEBELUM KFC,,,SL12,FENDRY,,PPN,Include,4100000664,,D,1.00,CRT,144.00,PCS,0.00,"237,600.00","237,600.00","237,600.00",0.00,0.00,0.00,0.00,0.00,0.00,0.00,0.00,0.00,0.00,0.00,"237,600.00","214,054.05","214,054.05",0.00,"214,054.05",0.00,"214,054.05","23,545.95","237,600.00",AMBON,AMBON
32.,FJ,06/05/2025,2505-MX0104,2505-MX0104,110--CV.0859,CV. OASIS,WAILELA SEBELUM KFC,,,SL12,FENDRY,,PPN,Include,4100000871,,D,1.00,CRT,12.00,RTG,0.00,"264,000.00","264,000.00","264,000.00",0.00,0.00,0.00,0.00,0.00,0.00,0.00,0.00,0.00,0.00,0.00,"264,000.00","237,837.84","237,837.84",0.00,"237,837.84",0.00,"237,837.84","26,162.16","264,000.00",AMBON,AMBON
78.,FJ,06/05/2025,2505-MX0092,2505-MX0092,110--TOK0858,TOKO MITRA,MARDIKA,,,SL12,Erwin Taneo,,PPN,Include,4100001212.,,D,1.00,CRT,60.00,PCS,0.00,"102,300.00","102,300.00","102,300.00",0.00,0.00,0.00,0.00,0.00,0.00,0.00,0.00,0.00,0.00,0.00,"102,300.00","92,162.16","92,162.16",0.00,"92,162.16",0.00,"92,162.16","10,137.84","102,300.00",AMBON,AMBON
85.,FJ,06/05/2025,2505-MX0091,2505-MX0091,C-MAN--002,MANDIRI,MARDIKA,,,SL12,Erwin Taneo,,PPN,Include,4100001151,,D,10.00,CRT,600.00,PCS,0.00,"102,300.00","102,300.00","1,023,000.00",0.00,0.00,0.00,0.00,0.00,0.00,0.00,0.00,0.00,0.00,0.00,"1,023,000.00","92,162.16","921,621.62",0.00,"921,621.62",0.00,"921,621.62","101,378.38","1,023,000.00",AMBON,AMBON
93.,FJ,06/05/2025,2505-MX0090,2505-MX0090,CUST0035,VANIA,BENTENG,,,SL12,Erwin Taneo,,PPN,Include,4100001212.,,D,2.00,CRT,120.00,PCS,0.00,"102,300.00","102,300.00","204,600.00",0.00,0.00,0.00,0.00,0.00,0.00,0.00,0.00,0.00,0.00,0.00,"204,600.00","92,162.16","184,324.32",0.00,"184,324.32",0.00,"184,324.32","20,275.68","204,600.00",AMBON,AMBON
194.,FJ,06/05/2025,2505-MX0098,2505-MX0098,PT.--0012,PT. MIDI UTAMA INDONESIA TBK,TANGERANG,,,SL10,FENDRY,,PPN,Include,4100000002,,D,9.00,CRT,216.00,PCS,0.00,"205,128.00","205,128.00","1,846,152.00",2.00,"4,102.56",2.50,"5,025.64",0.00,0.00,0.00,0.00,0.00,0.00,"82,153.76","1,763,998.24","184,800.00","1,663,200.00","74,012.40","1,589,187.60",0.00,"1,589,187.60","174,810.64","1,763,998.24",AMBON,AMBON
195.,FJ,06/05/2025,2505-MX0098,2505-MX0098,PT.--0012,PT. MIDI UTAMA INDONESIA TBK,TANGERANG,,,SL10,FENDRY,,PPN,Include,4100000987,,D,25.00,CRT,400.00,PCS,0.00,"132,000.00","132,000.00","3,300,000.00",2.00,"2,640.00",2.25,"2,910.60",0.00,0.00,0.00,0.00,0.00,0.00,"138,765.00","3,161,235.00","118,918.92","2,972,972.97","125,013.51","2,847,959.46",0.00,"2,847,959.46","313,275.54","3,161,235.00",AMBON,AMBON
5.,FJ,07/05/2025,2505-MX0115,2505-MX0115,110--ADE0624,ADE LALI PASSO,DEPAN LAP. PERIKANAN,,,SL12,Erwin Taneo,,PPN,Include,4100001187,,D,1.00,RCG,10.00,PCS,0.00,"17,000.00","17,000.00","17,000.00",0.00,0.00,0.00,0.00,0.00,0.00,0.00,0.00,0.00,0.00,0.00,"17,000.00","15,315.32","15,315.32",0.00,"15,315.32",0.00,"15,315.32","1,684.68","17,000.00",,
6.,FJ,07/05/2025,2505-MX0115,2505-MX0115,110--ADE0624,ADE LALI PASSO,DEPAN LAP. PERIKANAN,,,SL12,Erwin Taneo,,PPN,Include,4100001224,,D,1.00,RCG,10.00,PCS,0.00,"17,000.00","17,000.00","17,000.00",0.00,0.00,0.00,0.00,0.00,0.00,0.00,0.00,0.00,0.00,0.00,"17,000.00","15,315.32","15,315.32",0.00,"15,315.32",0.00,"15,315.32","1,684.68","17,000.00",,
7.,FJ,07/05/2025,2505-MX0115,2505-MX0115,110--ADE0624,ADE LALI PASSO,DEPAN LAP. PERIKANAN,,,SL12,Erwin Taneo,,PPN,Include,4100001295,,D,1.00,RCG,10.00,PCS,0.00,"16,400.00","16,400.00","16,400.00",0.00,0.00,0.00,0.00,0.00,0.00,0.00,0.00,0.00,0.00,0.00,"16,400.00","14,774.77","14,774.77",0.00,"14,774.77",0.00,"14,774.77","1,625.22","16,399.99",,
8.,FJ,07/05/2025,2505-MX0115,2505-MX0115,110--ADE0624,ADE LALI PASSO,DEPAN LAP. PERIKANAN,,,SL12,Erwin Taneo,,PPN,Include,4100001374,,D,1.00,RCG,10.00,PCS,0.00,"17,208.30","17,208.30","17,208.30",0.00,0.00,0.00,0.00,0.00,0.00,0.00,0.00,0.00,0.00,0.00,"17,208.30","15,502.97","15,502.97",0.00,"15,502.97",0.00,"15,502.97","1,705.34","17,208.31",,
45.,FJ,07/05/2025,2505-MX0117,2505-MX0117,110--KUL0714,ADIN ( KULIBUAH MEKAR ),MARDIKA,,,SL12,Erwin Taneo,,PPN,Include,4100000964.GT,,D,4.00,RCG,48.00,PCS,0.00,"10,725.60","10,725.60","42,902.40",0.00,0.00,0.00,0.00,0.00,0.00,0.00,0.00,0.00,0.00,0.00,"42,902.40","9,662.70","38,650.81",0.00,"38,650.81",0.00,"38,650.81","4,251.59","42,902.40",AMBON,AMBON
46.,FJ,07/05/2025,2505-MX0117,2505-MX0117,110--KUL0714,ADIN ( KULIBUAH MEKAR ),MARDIKA,,,SL12,Erwin Taneo,,PPN,Include,4100000852,,D,4.00,RTG,48.00,PCS,0.00,"10,725.60","10,725.60","42,902.40",0.00,0.00,0.00,0.00,0.00,0.00,0.00,0.00,0.00,0.00,0.00,"42,902.40","9,662.70","38,650.81",0.00,"38,650.81",0.00,"38,650.81","4,251.59","42,902.40",AMBON,AMBON
47.,FJ,07/05/2025,2505-MX0117,2505-MX0117,110--KUL0714,ADIN ( KULIBUAH MEKAR ),MARDIKA,,,SL12,Erwin Taneo,,PPN,Include,4100000804,,D,4.00,RTG,48.00,PCS,0.00,"10,725.60","10,725.60","42,902.40",0.00,0.00,0.00,0.00,0.00,0.00,0.00,0.00,0.00,0.00,0.00,"42,902.40","9,662.70","38,650.81",0.00,"38,650.81",0.00,"38,650.81","4,251.59","42,902.40",AMBON,AMBON
48.,FJ,07/05/2025,2505-MX0117,2505-MX0117,110--KUL0714,ADIN ( KULIBUAH MEKAR ),MARDIKA,,,SL12,Erwin Taneo,,PPN,Include,4100000601.,,D,4.00,RCG,48.00,PCS,0.00,"10,725.60","10,725.60","42,902.40",0.00,0.00,0.00,0.00,0.00,0.00,0.00,0.00,0.00,0.00,0.00,"42,902.40","9,662.70","38,650.81",0.00,"38,650.81",0.00,"38,650.81","4,251.59","42,902.40",AMBON,AMBON
55.,FJ,07/05/2025,2505-MX0142,2505-MX0142,110--PT.0481,PT. INTI CAKRAWALA CITRA,"JL. ANCOL BARAT I NO. 9-10 ANCOL PADEMANGAN JAKARTA UTARA, DKII JAKARTA-14430",,,SL10,FENDRY,,PPN,Include,4100001212.,,D,12.00,CRT,720.00,PCS,0.00,"102,300.00","102,300.00","1,227,600.00",3.00,"3,069.00",0.00,0.00,0.00,0.00,0.00,0.00,0.00,0.00,"36,828.00","1,190,772.00","92,162.16","1,105,945.95","33,178.38","1,072,767.57",0.00,"1,072,767.57","118,004.43","1,190,772.00",JAKARTA,JAKARTA
56.,FJ,07/05/2025,2505-MX0144,2505-MX0144,110--PT.0481,PT. INTI CAKRAWALA CITRA,"JL. ANCOL BARAT I NO. 9-10 ANCOL PADEMANGAN JAKARTA UTARA, DKII JAKARTA-14430",,,SL10,FENDRY,,PPN,Include,4100000852,,D,1.00,CRT,240.00,PCS,0.00,"214,512.00","214,512.00","214,512.00",15.00,"32,176.80",0.00,0.00,0.00,0.00,0.00,0.00,0.00,0.00,"32,176.80","182,335.20","193,254.05","193,254.06","28,988.11","164,265.95",0.00,"164,265.95","18,069.25","182,335.20",JAKARTA,JAKARTA
57.,FJ,07/05/2025,2505-MX0145,2505-MX0145,110--PT.0481,PT. INTI CAKRAWALA CITRA,"JL. ANCOL BARAT I NO. 9-10 ANCOL PADEMANGAN JAKARTA UTARA, DKII JAKARTA-14430",,,SL10,FENDRY,,PPN,Include,4100001284,,D,1.00,CRT,24.00,PCS,0.00,"111,600.00","115,200.00","115,200.00",15.00,"17,280.00",0.00,0.00,0.00,0.00,0.00,0.00,0.00,0.00,"17,280.00","97,920.00","103,783.78","103,783.79","15,567.57","88,216.22",0.00,"88,216.22","9,703.78","97,920.00",JAKARTA,JAKARTA
58.,FJ,07/05/2025,2505-MX0145,2505-MX0145,110--PT.0481,PT. INTI CAKRAWALA CITRA,"JL. ANCOL BARAT I NO. 9-10 ANCOL PADEMANGAN JAKARTA UTARA, DKII JAKARTA-14430",,,SL10,FENDRY,,PPN,Include,4100001212.,,D,2.00,CRT,120.00,PCS,0.00,"102,300.00","102,300.00","204,600.00",3.00,"3,069.00",0.00,0.00,0.00,0.00,0.00,0.00,0.00,0.00,"6,138.00","198,462.00","92,162.16","184,324.32","5,529.73","178,794.59",0.00,"178,794.59","19,667.41","198,462.00",JAKARTA,JAKARTA
59.,FJ,07/05/2025,2505-MX0145,2505-MX0145,110--PT.0481,PT. INTI CAKRAWALA CITRA,"JL. ANCOL BARAT I NO. 9-10 ANCOL PADEMANGAN JAKARTA UTARA, DKII JAKARTA-14430",,,SL10,FENDRY,,PPN,Include,4100000987,,D,1.00,CRT,16.00,PCS,0.00,"132,000.00","132,000.00","132,000.00",15.00,"19,800.00",0.00,0.00,0.00,0.00,0.00,0.00,0.00,0.00,"19,800.00","112,200.00","118,918.92","118,918.92","17,837.84","101,081.08",0.00,"101,081.08","11,118.92","112,200.00",JAKARTA,JAKARTA
158.,FJ,07/05/2025,2505-MX0118,2505-MX0118,KV00185,CV PLANET,JL. DIPONEGORO NO 21,,,SL12,FENDRY,,PPN,Include,4100000601.,,D,3.00,CRT,720.00,PCS,0.00,"214,512.00","214,512.00","643,536.00",0.00,0.00,0.00,0.00,0.00,0.00,0.00,0.00,0.00,0.00,0.00,"643,536.00","193,254.05","579,762.16",0.00,"579,762.16",0.00,"579,762.16","63,773.84","643,536.00",AMBON,AMBON
159.,FJ,07/05/2025,2505-MX0118,2505-MX0118,KV00185,CV PLANET,JL. DIPONEGORO NO 21,,,SL12,FENDRY,,PPN,Include,4100000450,,D,3.00,CRT,36.00,PCS,0.00,"276,000.00","276,000.00","828,000.00",0.00,0.00,0.00,0.00,0.00,0.00,0.00,0.00,0.00,0.00,0.00,"828,000.00","248,648.65","745,945.95",0.00,"745,945.95",0.00,"745,945.95","82,054.05","828,000.00",AMBON,AMBON
193.,FJ,07/05/2025,2505-MX0116,2505-MX0116,KV00946,UNIVERSAL,JL.SAM RATULANGI,,,SL12,Erwin Taneo,,PPN,Include,4100000575,,D,2.00,CRT,24.00,PCS,0.00,"266,400.00","266,400.00","532,800.00",0.00,0.00,0.00,0.00,0.00,0.00,0.00,0.00,0.00,0.00,0.00,"532,800.00","240,000.00","480,000.00",0.00,"480,000.00",0.00,"480,000.00","52,800.00","532,800.00",AMBON,AMBON
33.,FJ,08/05/2025,2505-MX0154,2505-MX0154,110--FAJ0891,FAJRIN,WAIHERU,,,SL12,Erwin Taneo,,PPN,Include,41000001424,,D,1.00,BALL,12.00,PAK,0.00,"90,000.00","90,000.00","90,000.00",0.00,0.00,0.00,0.00,0.00,0.00,0.00,0.00,0.00,0.00,0.00,"90,000.00","81,081.08","81,081.08",0.00,"81,081.08",0.00,"81,081.08","8,918.92","90,000.00",AMBON,AMBON
34.,FJ,08/05/2025,2505-MX0154,2505-MX0154,110--FAJ0891,FAJRIN,WAIHERU,,,SL12,Erwin Taneo,,PPN,Include,4100001425,,D,1.00,BAL,12.00,PAK,0.00,"100,000.08","100,000.08","100,000.08",0.00,0.00,0.00,0.00,0.00,0.00,0.00,0.00,0.00,0.00,0.00,"100,000.08","90,090.16","90,090.16",0.00,"90,090.16",0.00,"90,090.16","9,909.92","100,000.08",AMBON,AMBON
49.,FJ,08/05/2025,2505-MX0155,2505-MX0155,110--LA0630,LA MUHU,WAIHERU,,,SL12,Erwin Taneo,,PPN,Include,4100000601.,,D,4.00,RCG,48.00,PCS,0.00,"10,725.60","10,725.60","42,902.40",0.00,0.00,0.00,0.00,0.00,0.00,0.00,0.00,0.00,0.00,0.00,"42,902.40","9,662.70","38,650.81",0.00,"38,650.81",0.00,"38,650.81","4,251.59","42,902.40",AMBON,AMBON
50.,FJ,08/05/2025,2505-MX0155,2505-MX0155,110--LA0630,LA MUHU,WAIHERU,,,SL12,Erwin Taneo,,PPN,Include,4100000804,,D,4.00,RTG,48.00,PCS,0.00,"10,725.60","10,725.60","42,902.40",0.00,0.00,0.00,0.00,0.00,0.00,0.00,0.00,0.00,0.00,0.00,"42,902.40","9,662.70","38,650.81",0.00,"38,650.81",0.00,"38,650.81","4,251.59","42,902.40",AMBON,AMBON
98.,FJ,08/05/2025,2505-MX0153,2505-MX0153,CUST0123,PALMA,PASSO,,,SL12,Erwin Taneo,,PPN,Include,4100001212.,,D,2.00,CRT,120.00,PCS,0.00,"102,300.00","102,300.00","204,600.00",0.00,0.00,0.00,0.00,0.00,0.00,0.00,0.00,0.00,0.00,0.00,"204,600.00","92,162.16","184,324.32",0.00,"184,324.32",0.00,"184,324.32","20,275.68","204,600.00",AMBON,AMBON
168.,FJ,08/05/2025,2505-MX0158,2505-MX0158,KV00715,PT.BETA MART ABADI,PASSO,,,SL12,FENDRY,Waiheru,PPN,Include,4100000967,,D,12.00,PCS,12.00,PCS,0.00,"13,622.73","13,622.73","163,472.76",0.00,0.00,0.00,0.00,0.00,0.00,0.00,0.00,0.00,0.00,0.00,"163,472.76","12,272.73","147,272.76",0.00,"147,272.76",0.00,"147,272.76","16,200.00","163,472.76",AMBON,AMBON
169.,FJ,08/05/2025,2505-MX0158,2505-MX0158,KV00715,PT.BETA MART ABADI,PASSO,,,SL12,FENDRY,Waiheru,PPN,Include,4100000852,,D,6.00,RTG,72.00,PCS,0.00,"10,725.60","10,725.60","64,353.60",0.00,0.00,0.00,0.00,0.00,0.00,0.00,0.00,0.00,0.00,0.00,"64,353.60","9,662.70","57,976.22",0.00,"57,976.22",0.00,"57,976.22","6,377.38","64,353.60",AMBON,AMBON
170.,FJ,08/05/2025,2505-MX0158,2505-MX0158,KV00715,PT.BETA MART ABADI,PASSO,,,SL12,FENDRY,Waiheru,PPN,Include,4100000804,,D,6.00,RTG,72.00,PCS,0.00,"10,725.60","10,725.60","64,353.60",0.00,0.00,0.00,0.00,0.00,0.00,0.00,0.00,0.00,0.00,0.00,"64,353.60","9,662.70","57,976.22",0.00,"57,976.22",0.00,"57,976.22","6,377.38","64,353.60",AMBON,AMBON
171.,FJ,08/05/2025,2505-MX0158,2505-MX0158,KV00715,PT.BETA MART ABADI,PASSO,,,SL12,FENDRY,Waiheru,PPN,Include,4100000894,,D,12.00,PCS,12.00,PCS,0.00,"5,300.00","5,300.00","63,600.00",0.00,0.00,0.00,0.00,0.00,0.00,0.00,0.00,0.00,0.00,0.00,"63,600.00","4,774.77","57,297.30",0.00,"57,297.30",0.00,"57,297.30","6,302.70","63,600.00",AMBON,AMBON
172.,FJ,08/05/2025,2505-MX0158,2505-MX0158,KV00715,PT.BETA MART ABADI,PASSO,,,SL12,FENDRY,Waiheru,PPN,Include,41000001223,,D,6.00,PCS,6.00,PCS,0.00,"8,958.34","8,958.34","53,750.04",0.00,0.00,0.00,0.00,0.00,0.00,0.00,0.00,0.00,0.00,0.00,"53,750.04","8,070.58","48,423.46",0.00,"48,423.46",0.00,"48,423.46","5,326.58","53,750.04",AMBON,AMBON
173.,FJ,08/05/2025,2505-MX0158,2505-MX0158,KV00715,PT.BETA MART ABADI,PASSO,,,SL12,FENDRY,Waiheru,PPN,Include,4100000356,,D,12.00,PCS,12.00,PCS,0.00,"8,600.00","8,600.00","103,200.00",0.00,0.00,0.00,0.00,0.00,0.00,0.00,0.00,0.00,0.00,0.00,"103,200.00","7,747.75","92,972.97",0.00,"92,972.97",0.00,"92,972.97","10,227.03","103,200.00",AMBON,AMBON
174.,FJ,08/05/2025,2505-MX0158,2505-MX0158,KV00715,PT.BETA MART ABADI,PASSO,,,SL12,FENDRY,Waiheru,PPN,Include,4100000871,,D,2.00,RTG,2.00,RTG,0.00,"22,000.00","22,000.00","44,000.00",0.00,0.00,0.00,0.00,0.00,0.00,0.00,0.00,0.00,0.00,0.00,"44,000.00","19,819.82","39,639.64",0.00,"39,639.64",0.00,"39,639.64","4,360.36","44,000.00",AMBON,AMBON
175.,FJ,08/05/2025,2505-MX0158,2505-MX0158,KV00715,PT.BETA MART ABADI,PASSO,,,SL12,FENDRY,Waiheru,PPN,Include,4100000875,,D,2.00,RTG,20.00,PCS,0.00,"22,000.00","22,000.00","44,000.00",0.00,0.00,0.00,0.00,0.00,0.00,0.00,0.00,0.00,0.00,0.00,"44,000.00","19,819.82","39,639.64",0.00,"39,639.64",0.00,"39,639.64","4,360.36","44,000.00",AMBON,AMBON
176.,FJ,08/05/2025,2505-MX0158,2505-MX0158,KV00715,PT.BETA MART ABADI,PASSO,,,SL12,FENDRY,Waiheru,PPN,Include,4100000447,,D,1.00,CRT,24.00,PCS,0.00,"138,000.00","138,000.00","138,000.00",0.00,0.00,0.00,0.00,0.00,0.00,0.00,0.00,0.00,0.00,0.00,"138,000.00","124,324.32","124,324.32",0.00,"124,324.32",0.00,"124,324.32","13,675.68","138,000.00",AMBON,AMBON
177.,FJ,08/05/2025,2505-MX0158,2505-MX0158,KV00715,PT.BETA MART ABADI,PASSO,,,SL12,FENDRY,Waiheru,PPN,Include,4100000445,,D,1.00,CRT,24.00,PCS,0.00,"138,000.00","138,000.00","138,000.00",0.00,0.00,0.00,0.00,0.00,0.00,0.00,0.00,0.00,0.00,0.00,"138,000.00","124,324.32","124,324.32",0.00,"124,324.32",0.00,"124,324.32","13,675.68","138,000.00",AMBON,AMBON
178.,FJ,08/05/2025,2505-MX0158,2505-MX0158,KV00715,PT.BETA MART ABADI,PASSO,,,SL12,FENDRY,Waiheru,PPN,Include,4100001220,,D,10.00,PACK,30.00,PCS,0.00,"5,850.00","5,850.00","58,500.00",0.00,0.00,0.00,0.00,0.00,0.00,0.00,0.00,0.00,0.00,0.00,"58,500.00","5,270.27","52,702.70",0.00,"52,702.70",0.00,"52,702.70","5,797.30","58,500.00",AMBON,AMBON
179.,FJ,08/05/2025,2505-MX0158,2505-MX0158,KV00715,PT.BETA MART ABADI,PASSO,,,SL12,FENDRY,Waiheru,PPN,Include,4100001225,,D,1.00,BOX,30.00,PCS,0.00,"58,500.00","58,500.00","58,500.00",0.00,0.00,0.00,0.00,0.00,0.00,0.00,0.00,0.00,0.00,0.00,"58,500.00","52,702.70","52,702.70",0.00,"52,702.70",0.00,"52,702.70","5,797.30","58,500.00",AMBON,AMBON
180.,FJ,08/05/2025,2505-MX0158,2505-MX0158,KV00715,PT.BETA MART ABADI,PASSO,,,SL12,FENDRY,Waiheru,PPN,Include,41000001415,,D,1.00,BOX,15.00,PCS,0.00,"30,937.50","30,937.50","30,937.50",0.00,0.00,0.00,0.00,0.00,0.00,0.00,0.00,0.00,0.00,0.00,"30,937.50","27,871.62","27,871.62",0.00,"27,871.62",0.00,"27,871.62","3,065.88","30,937.50",AMBON,AMBON
181.,FJ,08/05/2025,2505-MX0158,2505-MX0158,KV00715,PT.BETA MART ABADI,PASSO,,,SL12,FENDRY,Waiheru,PPN,Include,4100000909,,D,1.00,CRT,16.00,PCS,0.00,"132,000.00","132,000.00","132,000.00",0.00,0.00,0.00,0.00,0.00,0.00,0.00,0.00,0.00,0.00,0.00,"132,000.00","118,918.92","118,918.92",0.00,"118,918.92",0.00,"118,918.92","13,081.08","132,000.00",AMBON,AMBON
182.,FJ,08/05/2025,2505-MX0158,2505-MX0158,KV00715,PT.BETA MART ABADI,PASSO,,,SL12,FENDRY,Waiheru,PPN,Include,4100000920,,D,1.00,CRT,16.00,PCS,0.00,"132,000.00","132,000.00","132,000.00",0.00,0.00,0.00,0.00,0.00,0.00,0.00,0.00,0.00,0.00,0.00,"132,000.00","118,918.92","118,918.92",0.00,"118,918.92",0.00,"118,918.92","13,081.08","132,000.00",AMBON,AMBON
183.,FJ,08/05/2025,2505-MX0158,2505-MX0158,KV00715,PT.BETA MART ABADI,PASSO,,,SL12,FENDRY,Waiheru,PPN,Include,4100001284,,D,1.00,CRT,24.00,PCS,0.00,"111,600.00","111,600.00","111,600.00",0.00,0.00,0.00,0.00,0.00,0.00,0.00,0.00,0.00,0.00,0.00,"111,600.00","100,540.54","100,540.54",0.00,"100,540.54",0.00,"100,540.54","11,059.46","111,600.00",AMBON,AMBON
184.,FJ,08/05/2025,2505-MX0158,2505-MX0158,KV00715,PT.BETA MART ABADI,PASSO,,,SL12,FENDRY,Waiheru,PPN,Include,4100001278,,D,1.00,CRT,24.00,PCS,0.00,"127,800.00","127,800.00","127,800.00",0.00,0.00,0.00,0.00,0.00,0.00,0.00,0.00,0.00,0.00,0.00,"127,800.00","115,135.14","115,135.14",0.00,"115,135.14",0.00,"115,135.14","12,664.86","127,800.00",AMBON,AMBON
185.,FJ,08/05/2025,2505-MX0157,2505-MX0157,KV00715,PT.BETA MART ABADI,PASSO,,,SL12,FENDRY,Negeri Lama,PPN,Include,4100001284,,D,1.00,CRT,24.00,PCS,0.00,"111,600.00","111,600.00","111,600.00",0.00,0.00,0.00,0.00,0.00,0.00,0.00,0.00,0.00,0.00,0.00,"111,600.00","100,540.54","100,540.54",0.00,"100,540.54",0.00,"100,540.54","11,059.46","111,600.00",AMBON,AMBON
186.,FJ,08/05/2025,2505-MX0157,2505-MX0157,KV00715,PT.BETA MART ABADI,PASSO,,,SL12,FENDRY,Negeri Lama,PPN,Include,4100000920,,D,1.00,CRT,16.00,PCS,0.00,"132,000.00","132,000.00","132,000.00",0.00,0.00,0.00,0.00,0.00,0.00,0.00,0.00,0.00,0.00,0.00,"132,000.00","118,918.92","118,918.92",0.00,"118,918.92",0.00,"118,918.92","13,081.08","132,000.00",AMBON,AMBON
187.,FJ,08/05/2025,2505-MX0157,2505-MX0157,KV00715,PT.BETA MART ABADI,PASSO,,,SL12,FENDRY,Negeri Lama,PPN,Include,4100000909,,D,1.00,CRT,16.00,PCS,0.00,"132,000.00","132,000.00","132,000.00",0.00,0.00,0.00,0.00,0.00,0.00,0.00,0.00,0.00,0.00,0.00,"132,000.00","118,918.92","118,918.92",0.00,"118,918.92",0.00,"118,918.92","13,081.08","132,000.00",AMBON,AMBON
188.,FJ,08/05/2025,2505-MX0157,2505-MX0157,KV00715,PT.BETA MART ABADI,PASSO,,,SL12,FENDRY,Negeri Lama,PPN,Include,4100001278,,D,1.00,CRT,24.00,PCS,0.00,"127,800.00","127,800.00","127,800.00",0.00,0.00,0.00,0.00,0.00,0.00,0.00,0.00,0.00,0.00,0.00,"127,800.00","115,135.14","115,135.14",0.00,"115,135.14",0.00,"115,135.14","12,664.86","127,800.00",AMBON,AMBON
189.,FJ,08/05/2025,2505-MX0157,2505-MX0157,KV00715,PT.BETA MART ABADI,PASSO,,,SL12,FENDRY,Negeri Lama,PPN,Include,4100000442,,D,1.00,BAL,1.00,BAL,0.00,"69,000.00","69,000.00","69,000.00",0.00,0.00,0.00,0.00,0.00,0.00,0.00,0.00,0.00,0.00,0.00,"69,000.00","62,162.16","62,162.16",0.00,"62,162.16",0.00,"62,162.16","6,837.84","69,000.00",AMBON,AMBON
190.,FJ,08/05/2025,2505-MX0157,2505-MX0157,KV00715,PT.BETA MART ABADI,PASSO,,,SL12,FENDRY,Negeri Lama,PPN,Include,4100001396,,D,2.00,RTG,24.00,PCS,0.00,"9,750.00","9,750.00","19,500.00",0.00,0.00,0.00,0.00,0.00,0.00,0.00,0.00,0.00,0.00,0.00,"19,500.00","8,783.78","17,567.57",0.00,"17,567.57",0.00,"17,567.57","1,932.43","19,500.00",AMBON,AMBON
191.,FJ,08/05/2025,2505-MX0157,2505-MX0157,KV00715,PT.BETA MART ABADI,PASSO,,,SL12,FENDRY,Negeri Lama,PPN,Include,4100001397,,D,2.00,RTG,24.00,PCS,0.00,"9,750.00","9,750.00","19,500.00",0.00,0.00,0.00,0.00,0.00,0.00,0.00,0.00,0.00,0.00,0.00,"19,500.00","8,783.78","17,567.57",0.00,"17,567.57",0.00,"17,567.57","1,932.43","19,500.00",AMBON,AMBON
201.,FJ,08/05/2025,2505-MX0156,2505-MX0156,YON--0001,WALE,BENTAS,,,SL12,Erwin Taneo,,PPN,Include,4100001212.,,D,1.00,CRT,60.00,PCS,0.00,"102,300.00","102,300.00","102,300.00",0.00,0.00,0.00,0.00,0.00,0.00,0.00,0.00,0.00,0.00,0.00,"102,300.00","92,162.16","92,162.16",0.00,"92,162.16",0.00,"92,162.16","10,137.84","102,300.00",AMBON,AMBON
202.,FJ,08/05/2025,2505-MX0156,2505-MX0156,YON--0001,WALE,BENTAS,,,SL12,Erwin Taneo,,PPN,Include,4100001206,,D,1.00,CRT,60.00,PCS,0.00,"102,300.00","102,300.00","102,300.00",0.00,0.00,0.00,0.00,0.00,0.00,0.00,0.00,0.00,0.00,0.00,"102,300.00","92,162.16","92,162.16",0.00,"92,162.16",0.00,"92,162.16","10,137.84","102,300.00",AMBON,AMBON
203.,FJ,08/05/2025,2505-MX0156,2505-MX0156,YON--0001,WALE,BENTAS,,,SL12,Erwin Taneo,,PPN,Include,41000001424,,D,1.00,BALL,12.00,PAK,0.00,"90,000.00","90,000.00","90,000.00",0.00,0.00,0.00,0.00,0.00,0.00,0.00,0.00,0.00,0.00,0.00,"90,000.00","81,081.08","81,081.08",0.00,"81,081.08",0.00,"81,081.08","8,918.92","90,000.00",AMBON,AMBON
204.,FJ,08/05/2025,2505-MX0156,2505-MX0156,YON--0001,WALE,BENTAS,,,SL12,Erwin Taneo,,PPN,Include,4100001425,,D,1.00,BAL,12.00,PAK,0.00,"100,000.08","100,000.08","100,000.08",0.00,0.00,0.00,0.00,0.00,0.00,0.00,0.00,0.00,0.00,0.00,"100,000.08","90,090.16","90,090.16",0.00,"90,090.16",0.00,"90,090.16","9,909.92","100,000.08",AMBON,AMBON
205.,FJ,08/05/2025,2505-MX0156,2505-MX0156,YON--0001,WALE,BENTAS,,,SL12,Erwin Taneo,,PPN,Include,4100001151,,D,1.00,CRT,60.00,PCS,0.00,"102,300.00","102,300.00","102,300.00",0.00,0.00,0.00,0.00,0.00,0.00,0.00,0.00,0.00,0.00,0.00,"102,300.00","92,162.16","92,162.16",0.00,"92,162.16",0.00,"92,162.16","10,137.84","102,300.00",AMBON,AMBON
43.,FJ,09/05/2025,2505-MX0206,2505-MX0206,110--KIO0728,KIOS BAPA ED ( KONTAN ),LEMBAH ARGO,,,SL12,Erwin Taneo,,PPN,Include,4100001128,,D,1.00,CRT,60.00,PCS,0.00,"102,300.00","102,300.00","102,300.00",42.00,"42,966.00",8.00,"4,746.72",0.00,0.00,0.00,0.00,0.00,0.00,"47,712.72","54,587.28","92,162.16","92,162.16","42,984.43","49,177.73",0.00,"49,177.73","5,409.55","54,587.28",AMBON,AMBON
60.,FJ,09/05/2025,2505-MX0215,2505-MX0215,110--PT.0481,PT. INTI CAKRAWALA CITRA,"JL. ANCOL BARAT I NO. 9-10 ANCOL PADEMANGAN JAKARTA UTARA, DKII JAKARTA-14430",,,SL10,FENDRY,,PPN,Include,4100000909,,D,25.00,CRT,400.00,PCS,0.00,"132,000.00","132,000.00","3,300,000.00",15.00,"19,800.00",0.00,0.00,0.00,0.00,0.00,0.00,0.00,0.00,"495,000.00","2,805,000.00","118,918.92","2,972,972.98","445,945.95","2,527,027.03",0.00,"2,527,027.03","277,972.97","2,805,000.00",JAKARTA,JAKARTA
61.,FJ,09/05/2025,2505-MX0215,2505-MX0215,110--PT.0481,PT. INTI CAKRAWALA CITRA,"JL. ANCOL BARAT I NO. 9-10 ANCOL PADEMANGAN JAKARTA UTARA, DKII JAKARTA-14430",,,SL10,FENDRY,,PPN,Include,4100000920,,D,16.00,CRT,256.00,PCS,0.00,"132,000.00","132,000.00","2,112,000.00",15.00,"19,800.00",0.00,0.00,0.00,0.00,0.00,0.00,0.00,0.00,"316,800.00","1,795,200.00","118,918.92","1,902,702.71","285,405.41","1,617,297.30",0.00,"1,617,297.30","177,902.70","1,795,200.00",JAKARTA,JAKARTA
62.,FJ,09/05/2025,2505-MX0215,2505-MX0215,110--PT.0481,PT. INTI CAKRAWALA CITRA,"JL. ANCOL BARAT I NO. 9-10 ANCOL PADEMANGAN JAKARTA UTARA, DKII JAKARTA-14430",,,SL10,FENDRY,,PPN,Include,4100001151,,D,6.00,CRT,360.00,PCS,0.00,"102,300.00","102,300.00","613,800.00",3.00,"3,069.00",0.00,0.00,0.00,0.00,0.00,0.00,0.00,0.00,"18,414.00","595,386.00","92,162.16","552,972.97","16,589.19","536,383.78",0.00,"536,383.78","59,002.22","595,386.00",JAKARTA,JAKARTA
75.,FJ,09/05/2025,2505-MX0185,2505-MX0185,110--RM.0314,RM. ALAM HIJAU,SBLM LIBERTI LAHA SBLH KIRI,,,SL12,Erwin Taneo,,PPN,Include,4100001212.,,D,1.00,CRT,60.00,PCS,0.00,"102,300.00","102,300.00","102,300.00",0.00,0.00,0.00,0.00,0.00,0.00,0.00,0.00,0.00,0.00,0.00,"102,300.00","92,162.16","92,162.16",0.00,"92,162.16",0.00,"92,162.16","10,137.84","102,300.00",AMBON,AMBON
80.,FJ,09/05/2025,2505-MX0216,2505-MX0216,BY0001,BUYUNG KANVAS,PASSO,,,SL10,Erwin Taneo,Uwa Adel,PPN,Include,4100000073,,D,6.00,BTL,6.00,BTL,0.00,"8,700.00","8,700.00","52,200.00",0.00,0.00,0.00,0.00,0.00,0.00,0.00,0.00,0.00,0.00,0.00,"52,200.00","7,837.84","47,027.03",0.00,"47,027.03",0.00,"47,027.03","5,172.97","52,200.00",AMBON,AMBON
88.,FJ,09/05/2025,2505-MX0213,2505-MX0213,CUST0024,CV. REJEKI CEMERLANG,JL. AY. PATTY,,,SL12,Erwin Taneo,,PPN,Include,4100001079NEW,,D,12.00,PCS,12.00,PCS,0.00,"5,750.00","5,750.00","69,000.00",0.00,0.00,0.00,0.00,0.00,0.00,0.00,0.00,0.00,0.00,0.00,"69,000.00","5,180.18","62,162.16",0.00,"62,162.16",0.00,"62,162.16","6,837.84","69,000.00",AMBON,AMBON
89.,FJ,09/05/2025,2505-MX0213,2505-MX0213,CUST0024,CV. REJEKI CEMERLANG,JL. AY. PATTY,,,SL12,Erwin Taneo,,PPN,Include,4100000885NEW,,D,12.00,PCS,12.00,PCS,0.00,"5,750.00","5,750.00","69,000.00",0.00,0.00,0.00,0.00,0.00,0.00,0.00,0.00,0.00,0.00,0.00,"69,000.00","5,180.18","62,162.16",0.00,"62,162.16",0.00,"62,162.16","6,837.84","69,000.00",AMBON,AMBON
90.,FJ,09/05/2025,2505-MX0213,2505-MX0213,CUST0024,CV. REJEKI CEMERLANG,JL. AY. PATTY,,,SL12,Erwin Taneo,,PPN,Include,4100000056,,D,6.00,BTL,6.00,BTL,0.00,"8,700.00","8,700.00","52,200.00",0.00,0.00,0.00,0.00,0.00,0.00,0.00,0.00,0.00,0.00,0.00,"52,200.00","7,837.84","47,027.03",0.00,"47,027.03",0.00,"47,027.03","5,172.97","52,200.00",AMBON,AMBON
91.,FJ,09/05/2025,2505-MX0213,2505-MX0213,CUST0024,CV. REJEKI CEMERLANG,JL. AY. PATTY,,,SL12,Erwin Taneo,,PPN,Include,4100000804,,D,1.00,CRT,240.00,PCS,0.00,"214,512.00","214,512.00","214,512.00",0.00,0.00,0.00,0.00,0.00,0.00,0.00,0.00,0.00,0.00,0.00,"214,512.00","193,254.05","193,254.05",0.00,"193,254.05",0.00,"193,254.05","21,257.95","214,512.00",AMBON,AMBON
92.,FJ,09/05/2025,2505-MX0213,2505-MX0213,CUST0024,CV. REJEKI CEMERLANG,JL. AY. PATTY,,,SL12,Erwin Taneo,,PPN,Include,4100000073,,D,6.00,BTL,6.00,BTL,0.00,"8,700.00","8,700.00","52,200.00",0.00,0.00,0.00,0.00,0.00,0.00,0.00,0.00,0.00,0.00,0.00,"52,200.00","7,837.84","47,027.03",0.00,"47,027.03",0.00,"47,027.03","5,172.97","52,200.00",AMBON,AMBON
136.,FJ,09/05/2025,2505-MX0184,2505-MX0184,CUST1096,CAHAYA FATHAN*,PERTOKOAN BATU MERAH,,,SL12,Erwin Taneo,,PPN,Include,4100001212.,,D,2.00,CRT,120.00,PCS,0.00,"102,300.00","102,300.00","204,600.00",0.00,0.00,0.00,0.00,0.00,0.00,0.00,0.00,0.00,0.00,0.00,"204,600.00","92,162.16","184,324.32",0.00,"184,324.32",0.00,"184,324.32","20,275.68","204,600.00",AMBON,AMBON
151.,FJ,09/05/2025,2505-MX0203,2505-MX0203,ECI--0001,ECI,PASAR HITU,,,EL01,Erwin Taneo,,PPN,Include,4100000575,,D,1.00,CRT,12.00,PCS,0.00,"266,400.00","266,400.00","266,400.00",0.00,0.00,0.00,0.00,0.00,0.00,0.00,0.00,0.00,0.00,0.00,"266,400.00","240,000.00","240,000.00",0.00,"240,000.00",0.00,"240,000.00","26,400.00","266,400.00",AMBON,AMBON
157.,FJ,09/05/2025,2505-MX0183,2505-MX0183,KV00174,CV INDO JAYA,JL YAN PAAYS NO. RT.003 RW.001,,,SL12,FENDRY,,PPN,Include,4100000450,,D,3.00,CRT,36.00,PCS,0.00,"276,000.00","276,000.00","828,000.00",0.00,0.00,0.00,0.00,0.00,0.00,0.00,0.00,0.00,0.00,0.00,"828,000.00","248,648.65","745,945.95",0.00,"745,945.95",0.00,"745,945.95","82,054.05","828,000.00",AMBON,AMBON
196.,FJ,09/05/2025,2505-MX0212,2505-MX0212,PT.--0012,PT. MIDI UTAMA INDONESIA TBK,TANGERANG,,,SL10,FENDRY,,PPN,Include,4100000894,,D,3.00,CRT,144.00,PCS,0.00,"254,400.00","254,400.00","763,200.00",2.00,"5,088.00",2.50,"6,232.80",0.00,0.00,0.00,0.00,0.00,0.00,"33,962.40","729,237.60","229,189.19","687,567.57","30,596.76","656,970.81",0.00,"656,970.81","72,266.79","729,237.60",AMBON,AMBON
197.,FJ,09/05/2025,2505-MX0212,2505-MX0212,PT.--0012,PT. MIDI UTAMA INDONESIA TBK,TANGERANG,,,SL10,FENDRY,,PPN,Include,4100001242,,D,6.00,CRT,144.00,PCS,0.00,"112,907.04","118,800.00","712,800.00",2.00,"2,376.00",2.50,"2,910.60",0.00,0.00,0.00,0.00,0.00,0.00,"31,719.60","681,080.40","107,027.03","642,162.17","28,576.22","613,585.95",0.00,"613,585.95","67,494.45","681,080.40",AMBON,AMBON
198.,FJ,09/05/2025,2505-MX0212,2505-MX0212,PT.--0012,PT. MIDI UTAMA INDONESIA TBK,TANGERANG,,,SL10,FENDRY,,PPN,Include,4100000909,,D,13.00,CRT,208.00,PCS,0.00,"132,000.00","132,000.00","1,716,000.00",2.00,"2,640.00",2.50,"3,234.00",0.00,0.00,0.00,0.00,0.00,0.00,"76,362.00","1,639,638.00","118,918.92","1,545,945.94","68,794.59","1,477,151.35",0.00,"1,477,151.35","162,486.65","1,639,638.00",AMBON,AMBON
9.,FJ,10/05/2025,2505-MX0246,2505-MX0246,110--AIK0077,AIKO,DEKAT TOKO H.NONA RMH TIGA,,,EL01,Erwin Taneo,,PPN,Include,4100001212.,,D,2.00,CRT,120.00,PCS,0.00,"102,300.00","102,300.00","204,600.00",0.00,0.00,0.00,0.00,0.00,0.00,0.00,0.00,0.00,0.00,0.00,"204,600.00","92,162.16","184,324.32",0.00,"184,324.32",0.00,"184,324.32","20,275.68","204,600.00",,
53.,FJ,10/05/2025,2505-MX0233,2505-MX0233,110--PEN0535,PENGINAPAN TANAH TINGGI,SKIP,,,SL12,Erwin Taneo,,PPN,Include,41000001424,,D,1.00,BALL,12.00,PAK,0.00,"90,000.00","90,000.00","90,000.00",0.00,0.00,0.00,0.00,0.00,0.00,0.00,0.00,0.00,0.00,0.00,"90,000.00","81,081.08","81,081.08",0.00,"81,081.08",0.00,"81,081.08","8,918.92","90,000.00",AMBON,AMBON
87.,FJ,10/05/2025,2505-MX0235,2505-MX0235,C-PRI--001,PRISON TOKO (BATU MEJA),BATU MEJA,,,SL12,Erwin Taneo,,PPN,Include,4100001212.,,D,1.00,CRT,60.00,PCS,0.00,"102,300.00","102,300.00","102,300.00",0.00,0.00,0.00,0.00,0.00,0.00,0.00,0.00,0.00,0.00,0.00,"102,300.00","92,162.16","92,162.16",0.00,"92,162.16",0.00,"92,162.16","10,137.84","102,300.00",AMBON,AMBON
143.,FJ,10/05/2025,2505-MX0245,2505-MX0245,CUST1396,OKE MART 2,"JL. GD ARANG, BLAKANG PUSKESMAS BENTENG",,,SL12,Erwin Taneo,,PPN,Include,4100001212.,,D,1.00,CRT,60.00,PCS,0.00,"102,300.00","102,300.00","102,300.00",0.00,0.00,0.00,0.00,0.00,0.00,0.00,0.00,0.00,0.00,0.00,"102,300.00","92,162.16","92,162.16",0.00,"92,162.16",0.00,"92,162.16","10,137.84","102,300.00",AMBON,AMBON
144.,FJ,10/05/2025,2505-MX0245,2505-MX0245,CUST1396,OKE MART 2,"JL. GD ARANG, BLAKANG PUSKESMAS BENTENG",,,SL12,Erwin Taneo,,PPN,Include,4100001078,,D,12.00,PCS,12.00,PCS,0.00,"5,750.00","5,750.00","69,000.00",0.00,0.00,0.00,0.00,0.00,0.00,0.00,0.00,0.00,0.00,0.00,"69,000.00","5,180.18","62,162.16",0.00,"62,162.16",0.00,"62,162.16","6,837.84","69,000.00",AMBON,AMBON
162.,FJ,10/05/2025,2505-MX0236,2505-MX0236,KV00264,EMPI,KUDAMATI,,,SL12,Erwin Taneo,,PPN,Include,4100001212.,,D,2.00,CRT,120.00,PCS,0.00,"102,300.00","102,300.00","204,600.00",0.00,0.00,0.00,0.00,0.00,0.00,0.00,0.00,0.00,0.00,0.00,"204,600.00","92,162.16","184,324.32",0.00,"184,324.32",0.00,"184,324.32","20,275.68","204,600.00",AMBON,AMBON
164.,FJ,10/05/2025,2505-MX0234,2505-MX0234,KV00476,KOPERASI PALDAM,SKIP,,,SL12,Erwin Taneo,,PPN,Include,4100000920,,D,1.00,CRT,16.00,PCS,0.00,"132,000.00","132,000.00","132,000.00",0.00,0.00,0.00,0.00,0.00,0.00,0.00,0.00,0.00,0.00,0.00,"132,000.00","118,918.92","118,918.92",0.00,"118,918.92",0.00,"118,918.92","13,081.08","132,000.00",AMBON,AMBON
192.,FJ,10/05/2025,2505-MX0237,2505-MX0237,KV00813,SALLY/AIR SALOBAR,AIR SALOBAR,,,SL12,Erwin Taneo,,PPN,Include,4100001212.,,D,1.00,CRT,60.00,PCS,0.00,"102,300.00","102,300.00","102,300.00",0.00,0.00,0.00,0.00,0.00,0.00,0.00,0.00,0.00,0.00,0.00,"102,300.00","92,162.16","92,162.16",0.00,"92,162.16",0.00,"92,162.16","10,137.84","102,300.00",AMBON,AMBON
3.,FJ,13/05/2025,2505-MX0279,2505-MX0279,104-CAMPINA-CAM0001,PINK TAWIRI,SAMPING J & J TAWIRI,,,SL12,Erwin Taneo,,PPN,Include,4100001212.,,D,2.00,CRT,120.00,PCS,0.00,"102,300.00","102,300.00","204,600.00",0.00,0.00,0.00,0.00,0.00,0.00,0.00,0.00,0.00,0.00,0.00,"204,600.00","92,162.16","184,324.32",0.00,"184,324.32",0.00,"184,324.32","20,275.68","204,600.00",AMBON,AMBON
4.,FJ,13/05/2025,2505-MX0279,2505-MX0279,104-CAMPINA-CAM0001,PINK TAWIRI,SAMPING J & J TAWIRI,,,SL12,Erwin Taneo,,PPN,Include,4100001206,,D,1.00,CRT,60.00,PCS,0.00,"102,300.00","102,300.00","102,300.00",0.00,0.00,0.00,0.00,0.00,0.00,0.00,0.00,0.00,0.00,0.00,"102,300.00","92,162.16","92,162.16",0.00,"92,162.16",0.00,"92,162.16","10,137.84","102,300.00",AMBON,AMBON
42.,FJ,13/05/2025,2505-MX0267,2505-MX0267,110--KIO0405,KIOS DEWATA,DPN MCM ASTER,,,SL12,Erwin Taneo,,PPN,Include,4100001212.,,D,1.00,CRT,60.00,PCS,0.00,"102,300.00","102,300.00","102,300.00",0.00,0.00,0.00,0.00,0.00,0.00,0.00,0.00,0.00,0.00,0.00,"102,300.00","92,162.16","92,162.16",0.00,"92,162.16",0.00,"92,162.16","10,137.84","102,300.00",AMBON,AMBON
63.,FJ,13/05/2025,2505-MX0266,2505-MX0266,110--PT.0481,PT. INTI CAKRAWALA CITRA,"JL. ANCOL BARAT I NO. 9-10 ANCOL PADEMANGAN JAKARTA UTARA, DKII JAKARTA-14430",,,SL10,FENDRY,,PPN,Include,4100001396,,D,4.00,CRT,480.00,PCS,0.00,"97,500.00","99,000.00","396,000.00",0.00,0.00,0.00,0.00,0.00,0.00,0.00,0.00,0.00,0.00,0.00,"396,000.00","89,189.19","356,756.76",0.00,"356,756.76",0.00,"356,756.76","39,243.24","396,000.00",JAKARTA,JAKARTA
76.,FJ,13/05/2025,2505-MX0264,2505-MX0264,110--TOK0688,TOKO IMAN,LORONG PUTRI,,,SL12,Erwin Taneo,,PPN,Include,4100001212.,,D,2.00,CRT,120.00,PCS,0.00,"102,300.00","102,300.00","204,600.00",0.00,0.00,0.00,0.00,0.00,0.00,0.00,0.00,0.00,0.00,0.00,"204,600.00","92,162.16","184,324.32",0.00,"184,324.32",0.00,"184,324.32","20,275.68","204,600.00",AMBON,AMBON
77.,FJ,13/05/2025,2505-MX0264,2505-MX0264,110--TOK0688,TOKO IMAN,LORONG PUTRI,,,SL12,Erwin Taneo,,PPN,Include,41000001424,,D,1.00,BALL,12.00,PAK,0.00,"90,000.00","90,000.00","90,000.00",0.00,0.00,0.00,0.00,0.00,0.00,0.00,0.00,0.00,0.00,0.00,"90,000.00","81,081.08","81,081.08",0.00,"81,081.08",0.00,"81,081.08","8,918.92","90,000.00",AMBON,AMBON
123.,FJ,13/05/2025,2505-MX0265,2505-MX0265,CUST0196,RAYAN /STAIN,STAIN,,,SL12,Erwin Taneo,,PPN,Include,4100000920,,D,1.00,CRT,16.00,PCS,0.00,"132,000.00","132,000.00","132,000.00",0.00,0.00,0.00,0.00,0.00,0.00,0.00,0.00,0.00,0.00,0.00,"132,000.00","118,918.92","118,918.92",0.00,"118,918.92",0.00,"118,918.92","13,081.08","132,000.00",AMBON,AMBON
124.,FJ,13/05/2025,2505-MX0265,2505-MX0265,CUST0196,RAYAN /STAIN,STAIN,,,SL12,Erwin Taneo,,PPN,Include,4100000909,,D,1.00,CRT,16.00,PCS,0.00,"132,000.00","132,000.00","132,000.00",0.00,0.00,0.00,0.00,0.00,0.00,0.00,0.00,0.00,0.00,0.00,"132,000.00","118,918.92","118,918.92",0.00,"118,918.92",0.00,"118,918.92","13,081.08","132,000.00",AMBON,AMBON
125.,FJ,13/05/2025,2505-MX0265,2505-MX0265,CUST0196,RAYAN /STAIN,STAIN,,,SL12,Erwin Taneo,,PPN,Include,4100001277,,D,1.00,CRT,24.00,PCS,0.00,"112,008.00","112,008.00","112,008.00",0.00,0.00,0.00,0.00,0.00,0.00,0.00,0.00,0.00,0.00,0.00,"112,008.00","100,908.11","100,908.11",0.00,"100,908.11",0.00,"100,908.11","11,099.89","112,008.00",AMBON,AMBON
129.,FJ,13/05/2025,2505-MX0268,2505-MX0268,CUST0198,RAHMA KIOS,KEBUN CENGKEH,,,SL12,Erwin Taneo,,PPN,Include,4100000909,,D,1.00,CRT,16.00,PCS,0.00,"132,000.00","132,000.00","132,000.00",0.00,0.00,0.00,0.00,0.00,0.00,0.00,0.00,0.00,0.00,0.00,"132,000.00","118,918.92","118,918.92",0.00,"118,918.92",0.00,"118,918.92","13,081.08","132,000.00",AMBON,AMBON
130.,FJ,13/05/2025,2505-MX0268,2505-MX0268,CUST0198,RAHMA KIOS,KEBUN CENGKEH,,,SL12,Erwin Taneo,,PPN,Include,4100001284,,D,1.00,CRT,24.00,PCS,0.00,"111,600.00","111,600.00","111,600.00",0.00,0.00,0.00,0.00,0.00,0.00,0.00,0.00,0.00,0.00,0.00,"111,600.00","100,540.54","100,540.54",0.00,"100,540.54",0.00,"100,540.54","11,059.46","111,600.00",AMBON,AMBON
131.,FJ,13/05/2025,2505-MX0268,2505-MX0268,CUST0198,RAHMA KIOS,KEBUN CENGKEH,,,SL12,Erwin Taneo,,PPN,Include,4100001277,,D,1.00,CRT,24.00,PCS,0.00,"112,008.00","112,008.00","112,008.00",0.00,0.00,0.00,0.00,0.00,0.00,0.00,0.00,0.00,0.00,0.00,"112,008.00","100,908.11","100,908.11",0.00,"100,908.11",0.00,"100,908.11","11,099.89","112,008.00",AMBON,AMBON
132.,FJ,13/05/2025,2505-MX0268,2505-MX0268,CUST0198,RAHMA KIOS,KEBUN CENGKEH,,,SL12,Erwin Taneo,,PPN,Include,4100001278,,D,1.00,CRT,24.00,PCS,0.00,"127,800.00","127,800.00","127,800.00",0.00,0.00,0.00,0.00,0.00,0.00,0.00,0.00,0.00,0.00,0.00,"127,800.00","115,135.14","115,135.14",0.00,"115,135.14",0.00,"115,135.14","12,664.86","127,800.00",AMBON,AMBON
133.,FJ,13/05/2025,2505-MX0268,2505-MX0268,CUST0198,RAHMA KIOS,KEBUN CENGKEH,,,SL12,Erwin Taneo,,PPN,Include,4100000920,,D,1.00,CRT,16.00,PCS,0.00,"132,000.00","132,000.00","132,000.00",0.00,0.00,0.00,0.00,0.00,0.00,0.00,0.00,0.00,0.00,0.00,"132,000.00","118,918.92","118,918.92",0.00,"118,918.92",0.00,"118,918.92","13,081.08","132,000.00",AMBON,AMBON
134.,FJ,13/05/2025,2505-MX0282,2505-MX0282,CUST1038,ANYONG/KOBISONTA*,KOBISONTA,,,SL12,Erwin Taneo,,PPN,Include,41000001424,,D,1.00,BALL,12.00,PAK,0.00,"90,000.00","90,000.00","90,000.00",0.00,0.00,0.00,0.00,0.00,0.00,0.00,0.00,0.00,0.00,0.00,"90,000.00","81,081.08","81,081.08",0.00,"81,081.08",0.00,"81,081.08","8,918.92","90,000.00",TEHORU,TEHORU
135.,FJ,13/05/2025,2505-MX0282,2505-MX0282,CUST1038,ANYONG/KOBISONTA*,KOBISONTA,,,SL12,Erwin Taneo,,PPN,Include,4100001425,,D,1.00,BAL,12.00,PAK,0.00,"100,000.08","100,000.08","100,000.08",0.00,0.00,0.00,0.00,0.00,0.00,0.00,0.00,0.00,0.00,0.00,"100,000.08","90,090.16","90,090.16",0.00,"90,090.16",0.00,"90,090.16","9,909.92","100,000.08",TEHORU,TEHORU
64.,FJ,14/05/2025,2505-MX0324,2505-MX0324,110--PT.0481,PT. INTI CAKRAWALA CITRA,"JL. ANCOL BARAT I NO. 9-10 ANCOL PADEMANGAN JAKARTA UTARA, DKII JAKARTA-14430",,,SL10,FENDRY,,PPN,Include,4100001284,,D,1.00,CRT,24.00,PCS,0.00,"111,600.00","115,200.00","115,200.00",15.00,"17,280.00",0.00,0.00,0.00,0.00,0.00,0.00,0.00,0.00,"17,280.00","97,920.00","103,783.78","103,783.79","15,567.57","88,216.22",0.00,"88,216.22","9,703.78","97,920.00",JAKARTA,JAKARTA
65.,FJ,14/05/2025,2505-MX0324,2505-MX0324,110--PT.0481,PT. INTI CAKRAWALA CITRA,"JL. ANCOL BARAT I NO. 9-10 ANCOL PADEMANGAN JAKARTA UTARA, DKII JAKARTA-14430",,,SL10,FENDRY,,PPN,Include,4100001212.,,D,7.00,CRT,420.00,PCS,0.00,"102,300.00","102,300.00","716,100.00",3.00,"3,069.00",0.00,0.00,0.00,0.00,0.00,0.00,0.00,0.00,"21,483.00","694,617.00","92,162.16","645,135.13","19,354.05","625,781.08",0.00,"625,781.08","68,835.92","694,617.00",JAKARTA,JAKARTA
66.,FJ,14/05/2025,2505-MX0325,2505-MX0325,110--PT.0481,PT. INTI CAKRAWALA CITRA,"JL. ANCOL BARAT I NO. 9-10 ANCOL PADEMANGAN JAKARTA UTARA, DKII JAKARTA-14430",,,SL10,FENDRY,,PPN,Include,4100001212.,,D,2.00,CRT,120.00,PCS,0.00,"102,300.00","102,300.00","204,600.00",3.00,"3,069.00",0.00,0.00,0.00,0.00,0.00,0.00,0.00,0.00,"6,138.00","198,462.00","92,162.16","184,324.32","5,529.73","178,794.59",0.00,"178,794.59","19,667.41","198,462.00",JAKARTA,JAKARTA
67.,FJ,14/05/2025,2505-MX0328,2505-MX0328,110--PT.0481,PT. INTI CAKRAWALA CITRA,"JL. ANCOL BARAT I NO. 9-10 ANCOL PADEMANGAN JAKARTA UTARA, DKII JAKARTA-14430",,,SL10,FENDRY,,PPN,Include,4100000964.GT,,D,2.00,CRT,480.00,PCS,0.00,"214,512.00","214,512.00","429,024.00",15.00,"32,176.80",0.00,0.00,0.00,0.00,0.00,0.00,0.00,0.00,"64,353.60","364,670.40","193,254.05","386,508.11","57,976.22","328,531.89",0.00,"328,531.89","36,138.51","364,670.40",JAKARTA,JAKARTA
68.,FJ,14/05/2025,2505-MX0328,2505-MX0328,110--PT.0481,PT. INTI CAKRAWALA CITRA,"JL. ANCOL BARAT I NO. 9-10 ANCOL PADEMANGAN JAKARTA UTARA, DKII JAKARTA-14430",,,SL10,FENDRY,,PPN,Include,4100000009,,D,1.00,CRT,24.00,BTL,0.00,"285,772.80","285,772.80","285,772.80",15.00,"42,865.92",0.00,0.00,0.00,0.00,0.00,0.00,0.00,0.00,"42,865.92","242,906.88","257,452.97","257,452.98","38,617.95","218,835.03",0.00,"218,835.03","24,071.85","242,906.88",JAKARTA,JAKARTA
69.,FJ,14/05/2025,2505-MX0328,2505-MX0328,110--PT.0481,PT. INTI CAKRAWALA CITRA,"JL. ANCOL BARAT I NO. 9-10 ANCOL PADEMANGAN JAKARTA UTARA, DKII JAKARTA-14430",,,SL10,FENDRY,,PPN,Include,4100000804,,D,1.00,CRT,240.00,PCS,0.00,"214,512.00","214,512.00","214,512.00",15.00,"32,176.80",0.00,0.00,0.00,0.00,0.00,0.00,0.00,0.00,"32,176.80","182,335.20","193,254.05","193,254.06","28,988.11","164,265.95",0.00,"164,265.95","18,069.25","182,335.20",JAKARTA,JAKARTA
70.,FJ,14/05/2025,2505-MX0329,2505-MX0329,110--PT.0481,PT. INTI CAKRAWALA CITRA,"JL. ANCOL BARAT I NO. 9-10 ANCOL PADEMANGAN JAKARTA UTARA, DKII JAKARTA-14430",,,SL10,FENDRY,,PPN,Include,4100000009,,D,1.00,CRT,24.00,BTL,0.00,"285,772.80","285,772.80","285,772.80",15.00,"42,865.92",0.00,0.00,0.00,0.00,0.00,0.00,0.00,0.00,"42,865.92","242,906.88","257,452.97","257,452.98","38,617.95","218,835.03",0.00,"218,835.03","24,071.85","242,906.88",JAKARTA,JAKARTA
71.,FJ,14/05/2025,2505-MX0329,2505-MX0329,110--PT.0481,PT. INTI CAKRAWALA CITRA,"JL. ANCOL BARAT I NO. 9-10 ANCOL PADEMANGAN JAKARTA UTARA, DKII JAKARTA-14430",,,SL10,FENDRY,,PPN,Include,4100000804,,D,1.00,CRT,240.00,PCS,0.00,"214,512.00","214,512.00","214,512.00",15.00,"32,176.80",0.00,0.00,0.00,0.00,0.00,0.00,0.00,0.00,"32,176.80","182,335.20","193,254.05","193,254.06","28,988.11","164,265.95",0.00,"164,265.95","18,069.25","182,335.20",JAKARTA,JAKARTA
72.,FJ,14/05/2025,2505-MX0329,2505-MX0329,110--PT.0481,PT. INTI CAKRAWALA CITRA,"JL. ANCOL BARAT I NO. 9-10 ANCOL PADEMANGAN JAKARTA UTARA, DKII JAKARTA-14430",,,SL10,FENDRY,,PPN,Include,4100000601.,,D,1.00,CRT,240.00,PCS,0.00,"214,512.00","214,512.00","214,512.00",15.00,"32,176.80",0.00,0.00,0.00,0.00,0.00,0.00,0.00,0.00,"32,176.80","182,335.20","193,254.05","193,254.06","28,988.11","164,265.95",0.00,"164,265.95","18,069.25","182,335.20",JAKARTA,JAKARTA
73.,FJ,14/05/2025,2505-MX0329,2505-MX0329,110--PT.0481,PT. INTI CAKRAWALA CITRA,"JL. ANCOL BARAT I NO. 9-10 ANCOL PADEMANGAN JAKARTA UTARA, DKII JAKARTA-14430",,,SL10,FENDRY,,PPN,Include,4100001295,,D,1.00,CRT,120.00,PCS,0.00,"196,800.00","204,000.00","204,000.00",0.00,0.00,0.00,0.00,0.00,0.00,0.00,0.00,0.00,0.00,0.00,"204,000.00","183,783.78","183,783.78",0.00,"183,783.78",0.00,"183,783.78","20,216.22","204,000.00",JAKARTA,JAKARTA
74.,FJ,14/05/2025,2505-MX0298,2505-MX0298,110--RIA0118,RIA (KONTAN),"SPG AMIR, TULEHU",,,SL12,Erwin Taneo,,PPN,Include,4100001425,,D,1.00,BAL,12.00,PAK,0.00,"100,000.08","100,000.08","100,000.08",0.00,0.00,0.00,0.00,0.00,0.00,0.00,0.00,0.00,0.00,0.00,"100,000.08","90,090.16","90,090.16",0.00,"90,090.16",0.00,"90,090.16","9,909.92","100,000.08",AMBON,AMBON
86.,FJ,14/05/2025,2505-MX0327,2505-MX0327,C-PAU--001,PAU (PASSO),PASSO,,,SL12,Erwin Taneo,,PPN,Include,4100001425,,D,1.00,BAL,12.00,PAK,0.00,"100,000.08","100,000.08","100,000.08",0.00,0.00,0.00,0.00,0.00,0.00,0.00,0.00,0.00,0.00,0.00,"100,000.08","90,090.16","90,090.16",0.00,"90,090.16",0.00,"90,090.16","9,909.92","100,000.08",AMBON,AMBON
99.,FJ,14/05/2025,2505-MX0302,2505-MX0302,CUST0133,CV. DEDES,KEBUN CENGKEH,,,SL12,FENDRY,,PPN,Include,4100001397,,D,1.00,CRT,120.00,PCS,0.00,"97,500.00","97,500.00","97,500.00",0.00,0.00,0.00,0.00,0.00,0.00,0.00,0.00,0.00,0.00,0.00,"97,500.00","87,837.84","87,837.84",0.00,"87,837.84",0.00,"87,837.84","9,662.16","97,500.00",AMBON,AMBON
100.,FJ,14/05/2025,2505-MX0302,2505-MX0302,CUST0133,CV. DEDES,KEBUN CENGKEH,,,SL12,FENDRY,,PPN,Include,4100000892,,D,1.00,CRT,120.00,PCS,0.00,"105,600.00","105,600.00","105,600.00",0.00,0.00,0.00,0.00,0.00,0.00,0.00,0.00,0.00,0.00,0.00,"105,600.00","95,135.14","95,135.14",0.00,"95,135.14",0.00,"95,135.14","10,464.87","105,600.01",AMBON,AMBON
101.,FJ,14/05/2025,2505-MX0302,2505-MX0302,CUST0133,CV. DEDES,KEBUN CENGKEH,,,SL12,FENDRY,,PPN,Include,4100000356,,D,12.00,PCS,12.00,PCS,0.00,"8,600.00","8,600.00","103,200.00",0.00,0.00,0.00,0.00,0.00,0.00,0.00,0.00,0.00,0.00,0.00,"103,200.00","7,747.75","92,972.97",0.00,"92,972.97",0.00,"92,972.97","10,227.03","103,200.00",AMBON,AMBON
102.,FJ,14/05/2025,2505-MX0302,2505-MX0302,CUST0133,CV. DEDES,KEBUN CENGKEH,,,SL12,FENDRY,,PPN,Include,4100000047,,D,1.00,CRT,24.00,BTL,0.00,"288,000.00","288,000.00","288,000.00",0.00,0.00,0.00,0.00,0.00,0.00,0.00,0.00,0.00,0.00,0.00,"288,000.00","259,459.46","259,459.46",0.00,"259,459.46",0.00,"259,459.46","28,540.54","288,000.00",AMBON,AMBON
103.,FJ,14/05/2025,2505-MX0302,2505-MX0302,CUST0133,CV. DEDES,KEBUN CENGKEH,,,SL12,FENDRY,,PPN,Include,4100000073,,D,1.00,CRT,24.00,BTL,0.00,"208,800.00","208,800.00","208,800.00",0.00,0.00,0.00,0.00,0.00,0.00,0.00,0.00,0.00,0.00,0.00,"208,800.00","188,108.11","188,108.11",0.00,"188,108.11",0.00,"188,108.11","20,691.89","208,800.00",AMBON,AMBON
104.,FJ,14/05/2025,2505-MX0302,2505-MX0302,CUST0133,CV. DEDES,KEBUN CENGKEH,,,SL12,FENDRY,,PPN,Include,4100000056,,D,1.00,CRT,24.00,BTL,0.00,"208,800.00","208,800.00","208,800.00",0.00,0.00,0.00,0.00,0.00,0.00,0.00,0.00,0.00,0.00,0.00,"208,800.00","188,108.11","188,108.11",0.00,"188,108.11",0.00,"188,108.11","20,691.89","208,800.00",AMBON,AMBON
105.,FJ,14/05/2025,2505-MX0302,2505-MX0302,CUST0133,CV. DEDES,KEBUN CENGKEH,,,SL12,FENDRY,,PPN,Include,4100000967,,D,1.00,CRT,24.00,PCS,0.00,"326,945.46","326,945.46","326,945.46",0.00,0.00,0.00,0.00,0.00,0.00,0.00,0.00,0.00,0.00,0.00,"326,945.46","294,545.46","294,545.46",0.00,"294,545.46",0.00,"294,545.46","32,400.00","326,945.46",AMBON,AMBON
106.,FJ,14/05/2025,2505-MX0302,2505-MX0302,CUST0133,CV. DEDES,KEBUN CENGKEH,,,SL12,FENDRY,,PPN,Include,4100000852,,D,6.00,RTG,72.00,PCS,0.00,"10,725.60","10,725.60","64,353.60",0.00,0.00,0.00,0.00,0.00,0.00,0.00,0.00,0.00,0.00,0.00,"64,353.60","9,662.70","57,976.22",0.00,"57,976.22",0.00,"57,976.22","6,377.38","64,353.60",AMBON,AMBON
107.,FJ,14/05/2025,2505-MX0302,2505-MX0302,CUST0133,CV. DEDES,KEBUN CENGKEH,,,SL12,FENDRY,,PPN,Include,4100000575,,D,1.00,CRT,12.00,PCS,0.00,"266,400.00","266,400.00","266,400.00",0.00,0.00,0.00,0.00,0.00,0.00,0.00,0.00,0.00,0.00,0.00,"266,400.00","240,000.00","240,000.00",0.00,"240,000.00",0.00,"240,000.00","26,400.00","266,400.00",AMBON,AMBON
108.,FJ,14/05/2025,2505-MX0302,2505-MX0302,CUST0133,CV. DEDES,KEBUN CENGKEH,,,SL12,FENDRY,,PPN,Include,4100001079NEW,,D,12.00,PCS,12.00,PCS,0.00,"5,750.00","5,750.00","69,000.00",0.00,0.00,0.00,0.00,0.00,0.00,0.00,0.00,0.00,0.00,0.00,"69,000.00","5,180.18","62,162.16",0.00,"62,162.16",0.00,"62,162.16","6,837.84","69,000.00",AMBON,AMBON
109.,FJ,14/05/2025,2505-MX0302,2505-MX0302,CUST0133,CV. DEDES,KEBUN CENGKEH,,,SL12,FENDRY,,PPN,Include,4100001078,,D,12.00,PCS,12.00,PCS,0.00,"5,750.00","5,750.00","69,000.00",0.00,0.00,0.00,0.00,0.00,0.00,0.00,0.00,0.00,0.00,0.00,"69,000.00","5,180.18","62,162.16",0.00,"62,162.16",0.00,"62,162.16","6,837.84","69,000.00",AMBON,AMBON
110.,FJ,14/05/2025,2505-MX0302,2505-MX0302,CUST0133,CV. DEDES,KEBUN CENGKEH,,,SL12,FENDRY,,PPN,Include,4100000885NEW,,D,12.00,PCS,12.00,PCS,0.00,"5,750.00","5,750.00","69,000.00",0.00,0.00,0.00,0.00,0.00,0.00,0.00,0.00,0.00,0.00,0.00,"69,000.00","5,180.18","62,162.16",0.00,"62,162.16",0.00,"62,162.16","6,837.84","69,000.00",AMBON,AMBON
111.,FJ,14/05/2025,2505-MX0302,2505-MX0302,CUST0133,CV. DEDES,KEBUN CENGKEH,,,SL12,FENDRY,,PPN,Include,4100000868NEW,,D,2.00,RTG,20.00,PCS,0.00,"22,000.00","22,000.00","44,000.00",0.00,0.00,0.00,0.00,0.00,0.00,0.00,0.00,0.00,0.00,0.00,"44,000.00","19,819.82","39,639.64",0.00,"39,639.64",0.00,"39,639.64","4,360.36","44,000.00",AMBON,AMBON
112.,FJ,14/05/2025,2505-MX0302,2505-MX0302,CUST0133,CV. DEDES,KEBUN CENGKEH,,,SL12,FENDRY,,PPN,Include,4100000871,,D,2.00,RTG,2.00,RTG,0.00,"22,000.00","22,000.00","44,000.00",0.00,0.00,0.00,0.00,0.00,0.00,0.00,0.00,0.00,0.00,0.00,"44,000.00","19,819.82","39,639.64",0.00,"39,639.64",0.00,"39,639.64","4,360.36","44,000.00",AMBON,AMBON
113.,FJ,14/05/2025,2505-MX0302,2505-MX0302,CUST0133,CV. DEDES,KEBUN CENGKEH,,,SL12,FENDRY,,PPN,Include,4100000878,,D,2.00,RTG,2.00,RTG,0.00,"22,000.00","22,000.00","44,000.00",0.00,0.00,0.00,0.00,0.00,0.00,0.00,0.00,0.00,0.00,0.00,"44,000.00","19,819.82","39,639.64",0.00,"39,639.64",0.00,"39,639.64","4,360.36","44,000.00",AMBON,AMBON
114.,FJ,14/05/2025,2505-MX0302,2505-MX0302,CUST0133,CV. DEDES,KEBUN CENGKEH,,,SL12,FENDRY,,PPN,Include,4100001374,,D,1.00,RCG,10.00,PCS,0.00,"17,208.30","17,208.30","17,208.30",0.00,0.00,0.00,0.00,0.00,0.00,0.00,0.00,0.00,0.00,0.00,"17,208.30","15,502.97","15,502.97",0.00,"15,502.97",0.00,"15,502.97","1,705.33","17,208.30",AMBON,AMBON
115.,FJ,14/05/2025,2505-MX0302,2505-MX0302,CUST0133,CV. DEDES,KEBUN CENGKEH,,,SL12,FENDRY,,PPN,Include,4100000909,,D,2.00,CRT,32.00,PCS,0.00,"132,000.00","132,000.00","264,000.00",0.00,0.00,0.00,0.00,0.00,0.00,0.00,0.00,0.00,0.00,0.00,"264,000.00","118,918.92","237,837.84",0.00,"237,837.84",0.00,"237,837.84","26,162.16","264,000.00",AMBON,AMBON
116.,FJ,14/05/2025,2505-MX0302,2505-MX0302,CUST0133,CV. DEDES,KEBUN CENGKEH,,,SL12,FENDRY,,PPN,Include,4100000920,,D,2.00,CRT,32.00,PCS,0.00,"132,000.00","132,000.00","264,000.00",0.00,0.00,0.00,0.00,0.00,0.00,0.00,0.00,0.00,0.00,0.00,"264,000.00","118,918.92","237,837.84",0.00,"237,837.84",0.00,"237,837.84","26,162.16","264,000.00",AMBON,AMBON
117.,FJ,14/05/2025,2505-MX0302,2505-MX0302,CUST0133,CV. DEDES,KEBUN CENGKEH,,,SL12,FENDRY,,PPN,Include,4100001284,,D,2.00,CRT,48.00,PCS,0.00,"111,600.00","111,600.00","223,200.00",0.00,0.00,0.00,0.00,0.00,0.00,0.00,0.00,0.00,0.00,0.00,"223,200.00","100,540.54","201,081.08",0.00,"201,081.08",0.00,"201,081.08","22,118.92","223,200.00",AMBON,AMBON
118.,FJ,14/05/2025,2505-MX0302,2505-MX0302,CUST0133,CV. DEDES,KEBUN CENGKEH,,,SL12,FENDRY,,PPN,Include,4100001206,,D,2.00,CRT,120.00,PCS,0.00,"102,300.00","102,300.00","204,600.00",0.00,0.00,0.00,0.00,0.00,0.00,0.00,0.00,0.00,0.00,0.00,"204,600.00","92,162.16","184,324.32",0.00,"184,324.32",0.00,"184,324.32","20,275.68","204,600.00",AMBON,AMBON
119.,FJ,14/05/2025,2505-MX0302,2505-MX0302,CUST0133,CV. DEDES,KEBUN CENGKEH,,,SL12,FENDRY,,PPN,Include,4100001212.,,D,2.00,CRT,120.00,PCS,0.00,"102,300.00","102,300.00","204,600.00",0.00,0.00,0.00,0.00,0.00,0.00,0.00,0.00,0.00,0.00,0.00,"204,600.00","92,162.16","184,324.32",0.00,"184,324.32",0.00,"184,324.32","20,275.68","204,600.00",AMBON,AMBON
120.,FJ,14/05/2025,2505-MX0302,2505-MX0302,CUST0133,CV. DEDES,KEBUN CENGKEH,,,SL12,FENDRY,,PPN,Include,4100001278,,D,2.00,CRT,48.00,PCS,0.00,"127,800.00","127,800.00","255,600.00",0.00,0.00,0.00,0.00,0.00,0.00,0.00,0.00,0.00,0.00,0.00,"255,600.00","115,135.14","230,270.27",0.00,"230,270.27",0.00,"230,270.27","25,329.73","255,600.00",AMBON,AMBON
121.,FJ,14/05/2025,2505-MX0302,2505-MX0302,CUST0133,CV. DEDES,KEBUN CENGKEH,,,SL12,FENDRY,,PPN,Include,41000001424,,D,2.00,BALL,24.00,PAK,0.00,"90,000.00","90,000.00","180,000.00",0.00,0.00,0.00,0.00,0.00,0.00,0.00,0.00,0.00,0.00,0.00,"180,000.00","81,081.08","162,162.16",0.00,"162,162.16",0.00,"162,162.16","17,837.84","180,000.00",AMBON,AMBON
122.,FJ,14/05/2025,2505-MX0302,2505-MX0302,CUST0133,CV. DEDES,KEBUN CENGKEH,,,SL12,FENDRY,,PPN,Include,4100001425,,D,2.00,BAL,24.00,PAK,0.00,"100,000.08","100,000.08","200,000.16",0.00,0.00,0.00,0.00,0.00,0.00,0.00,0.00,0.00,0.00,0.00,"200,000.16","90,090.16","180,180.32",0.00,"180,180.32",0.00,"180,180.32","19,819.83","200,000.15",AMBON,AMBON
153.,FJ,14/05/2025,2505-MX0300,2505-MX0300,KEN--0002,TOKO TR,WAYARI -  DEKAT GEREJA GIDEON,,,SL12,Erwin Taneo,,PPN,Include,4100001374,,D,2.00,RCG,20.00,PCS,0.00,"17,208.30","17,208.30","34,416.60",0.00,0.00,0.00,0.00,0.00,0.00,0.00,0.00,0.00,0.00,0.00,"34,416.60","15,502.97","31,005.95",0.00,"31,005.95",0.00,"31,005.95","3,410.65","34,416.60",AMBON,AMBON
154.,FJ,14/05/2025,2505-MX0300,2505-MX0300,KEN--0002,TOKO TR,WAYARI -  DEKAT GEREJA GIDEON,,,SL12,Erwin Taneo,,PPN,Include,4100001212.,,D,1.00,CRT,60.00,PCS,0.00,"102,300.00","102,300.00","102,300.00",0.00,0.00,0.00,0.00,0.00,0.00,0.00,0.00,0.00,0.00,0.00,"102,300.00","92,162.16","92,162.16",0.00,"92,162.16",0.00,"92,162.16","10,137.84","102,300.00",AMBON,AMBON
155.,FJ,14/05/2025,2505-MX0299,2505-MX0299,KV00118,AISYAH TULEHU (KONTAN),SPG PENGINAPAN TULEHU,,,SL12,Erwin Taneo,,PPN,Include,41000001424,,D,1.00,BALL,12.00,PAK,0.00,"90,000.00","90,000.00","90,000.00",0.00,0.00,0.00,0.00,0.00,0.00,0.00,0.00,0.00,0.00,0.00,"90,000.00","81,081.08","81,081.08",0.00,"81,081.08",0.00,"81,081.08","8,918.92","90,000.00",AMBON,AMBON
156.,FJ,14/05/2025,2505-MX0299,2505-MX0299,KV00118,AISYAH TULEHU (KONTAN),SPG PENGINAPAN TULEHU,,,SL12,Erwin Taneo,,PPN,Include,4100001425,,D,1.00,BAL,12.00,PAK,0.00,"100,000.08","100,000.08","100,000.08",0.00,0.00,0.00,0.00,0.00,0.00,0.00,0.00,0.00,0.00,0.00,"100,000.08","90,090.16","90,090.16",0.00,"90,090.16",0.00,"90,090.16","9,909.92","100,000.08",AMBON,AMBON
160.,FJ,14/05/2025,2505-MX0314,2505-MX0314,KV00185,CV PLANET,JL. DIPONEGORO NO 21,,,SL12,FENDRY,,PPN,Include,4100000446,,D,5.00,CRT,120.00,PCS,0.00,"138,000.00","138,000.00","690,000.00",0.00,0.00,0.00,0.00,0.00,0.00,0.00,0.00,0.00,0.00,0.00,"690,000.00","124,324.32","621,621.62",0.00,"621,621.62",0.00,"621,621.62","68,378.38","690,000.00",AMBON,AMBON
163.,FJ,14/05/2025,2505-MX0316,2505-MX0316,KV00317,"GADIEL,KIOS",SULI,,,SL12,Erwin Taneo,,PPN,Include,4100001212.,,D,1.00,CRT,60.00,PCS,0.00,"102,300.00","102,300.00","102,300.00",0.00,0.00,0.00,0.00,0.00,0.00,0.00,0.00,0.00,0.00,0.00,"102,300.00","92,162.16","92,162.16",0.00,"92,162.16",0.00,"92,162.16","10,137.84","102,300.00",AMBON,AMBON
199.,FJ,14/05/2025,2505-MX0301,2505-MX0301,SMP--0002,MEDINA,"KAMPUNG TENGAH, TULEHU",,,SL12,Erwin Taneo,,PPN,Include,41000001424,,D,1.00,BALL,12.00,PAK,0.00,"90,000.00","90,000.00","90,000.00",0.00,0.00,0.00,0.00,0.00,0.00,0.00,0.00,0.00,0.00,0.00,"90,000.00","81,081.08","81,081.08",0.00,"81,081.08",0.00,"81,081.08","8,918.92","90,000.00",AMBON,AMBON
200.,FJ,14/05/2025,2505-MX0301,2505-MX0301,SMP--0002,MEDINA,"KAMPUNG TENGAH, TULEHU",,,SL12,Erwin Taneo,,PPN,Include,4100001425,,D,1.00,BAL,12.00,PAK,0.00,"100,000.08","100,000.08","100,000.08",0.00,0.00,0.00,0.00,0.00,0.00,0.00,0.00,0.00,0.00,0.00,"100,000.08","90,090.16","90,090.16",0.00,"90,090.16",0.00,"90,090.16","9,909.92","100,000.08",AMBON,AMBON
95.,FJ,15/05/2025,2505-MX0336,2505-MX0336,CUST0066,SANDY,PASSO,,,SL12,Erwin Taneo,,PPN,Include,4100001212.,,D,2.00,CRT,120.00,PCS,0.00,"102,300.00","102,300.00","204,600.00",0.00,0.00,0.00,0.00,0.00,0.00,0.00,0.00,0.00,0.00,0.00,"204,600.00","92,162.16","184,324.32",0.00,"184,324.32",0.00,"184,324.32","20,275.68","204,600.00",AMBON,AMBON
96.,FJ,15/05/2025,2505-MX0337,2505-MX0337,CUST0109,BINTANG FAJAR,TULEHU,,,SL12,Erwin Taneo,,PPN,Include,4100000868NEW,,D,4.00,RTG,40.00,PCS,0.00,"22,000.00","22,000.00","88,000.00",0.00,0.00,0.00,0.00,0.00,0.00,0.00,0.00,0.00,0.00,0.00,"88,000.00","19,819.82","79,279.28",0.00,"79,279.28",0.00,"79,279.28","8,720.72","88,000.00",MALUKU TENGAH,MALUKU TENGAH
97.,FJ,15/05/2025,2505-MX0337,2505-MX0337,CUST0109,BINTANG FAJAR,TULEHU,,,SL12,Erwin Taneo,,PPN,Include,4100000875,,D,4.00,RTG,40.00,PCS,0.00,"22,000.00","22,000.00","88,000.00",0.00,0.00,0.00,0.00,0.00,0.00,0.00,0.00,0.00,0.00,0.00,"88,000.00","19,819.82","79,279.28",0.00,"79,279.28",0.00,"79,279.28","8,720.72","88,000.00",MALUKU TENGAH,MALUKU TENGAH
137.,FJ,15/05/2025,2505-MX0338,2505-MX0338,CUST1327,MAMA KIA/SMPG SURYA MAMO*,TULEHU,,,SL12,Erwin Taneo,,PPN,Include,4100001212.,,D,3.00,CRT,180.00,PCS,0.00,"102,300.00","102,300.00","306,900.00",0.00,0.00,0.00,0.00,0.00,0.00,0.00,0.00,0.00,0.00,0.00,"306,900.00","92,162.16","276,486.49",0.00,"276,486.49",0.00,"276,486.49","30,413.51","306,900.00",AMBON,AMBON
138.,FJ,15/05/2025,2505-MX0338,2505-MX0338,CUST1327,MAMA KIA/SMPG SURYA MAMO*,TULEHU,,,SL12,Erwin Taneo,,PPN,Include,4100000871,,D,1.00,CRT,12.00,RTG,0.00,"264,000.00","264,000.00","264,000.00",0.00,0.00,0.00,0.00,0.00,0.00,0.00,0.00,0.00,0.00,0.00,"264,000.00","237,837.84","237,837.84",0.00,"237,837.84",0.00,"237,837.84","26,162.16","264,000.00",AMBON,AMBON
139.,FJ,15/05/2025,2505-MX0338,2505-MX0338,CUST1327,MAMA KIA/SMPG SURYA MAMO*,TULEHU,,,SL12,Erwin Taneo,,PPN,Include,4100000964.GT,,D,1.00,CRT,240.00,PCS,0.00,"214,512.00","214,512.00","214,512.00",0.00,0.00,0.00,0.00,0.00,0.00,0.00,0.00,0.00,0.00,0.00,"214,512.00","193,254.05","193,254.05",0.00,"193,254.05",0.00,"193,254.05","21,257.95","214,512.00",AMBON,AMBON
146.,FJ,15/05/2025,2505-MX0349,2505-MX0349,DAMAI-SEJAHTERA,CV. DAMAI SEJAHTERA,JL WOLTER MONGIN SIDI,,,SL12,Erwin Taneo,Alfa,PPN,Include,4100000450,,D,1.00,CRT,12.00,PCS,0.00,"276,000.00","276,000.00","276,000.00",0.00,0.00,0.00,0.00,0.00,0.00,0.00,0.00,0.00,0.00,0.00,"276,000.00","248,648.65","248,648.65",0.00,"248,648.65",0.00,"248,648.65","27,351.35","276,000.00",AMBON,AMBON
147.,FJ,15/05/2025,2505-MX0349,2505-MX0349,DAMAI-SEJAHTERA,CV. DAMAI SEJAHTERA,JL WOLTER MONGIN SIDI,,,SL12,Erwin Taneo,Alfa,PPN,Include,4100000446,,D,2.00,CRT,48.00,PCS,0.00,"138,000.00","138,000.00","276,000.00",0.00,0.00,0.00,0.00,0.00,0.00,0.00,0.00,0.00,0.00,0.00,"276,000.00","124,324.32","248,648.65",0.00,"248,648.65",0.00,"248,648.65","27,351.35","276,000.00",AMBON,AMBON
148.,FJ,15/05/2025,2505-MX0349,2505-MX0349,DAMAI-SEJAHTERA,CV. DAMAI SEJAHTERA,JL WOLTER MONGIN SIDI,,,SL12,Erwin Taneo,Alfa,PPN,Include,4100001220,,D,1.00,CRT,120.00,PCS,0.00,"234,000.00","234,000.00","234,000.00",0.00,0.00,0.00,0.00,0.00,0.00,0.00,0.00,0.00,0.00,0.00,"234,000.00","210,810.81","210,810.81",0.00,"210,810.81",0.00,"210,810.81","23,189.19","234,000.00",AMBON,AMBON
149.,FJ,15/05/2025,2505-MX0349,2505-MX0349,DAMAI-SEJAHTERA,CV. DAMAI SEJAHTERA,JL WOLTER MONGIN SIDI,,,SL12,Erwin Taneo,Alfa,PPN,Include,4100000447,,D,1.00,CRT,24.00,PCS,0.00,"138,000.00","138,000.00","138,000.00",0.00,0.00,0.00,0.00,0.00,0.00,0.00,0.00,0.00,0.00,0.00,"138,000.00","124,324.32","124,324.32",0.00,"124,324.32",0.00,"124,324.32","13,675.68","138,000.00",AMBON,AMBON
150.,FJ,15/05/2025,2505-MX0349,2505-MX0349,DAMAI-SEJAHTERA,CV. DAMAI SEJAHTERA,JL WOLTER MONGIN SIDI,,,SL12,Erwin Taneo,Alfa,PPN,Include,4100001374,,D,2.00,RCG,20.00,PCS,0.00,"17,208.30","17,208.30","34,416.60",0.00,0.00,0.00,0.00,0.00,0.00,0.00,0.00,0.00,0.00,0.00,"34,416.60","15,502.97","31,005.95",0.00,"31,005.95",0.00,"31,005.95","3,410.65","34,416.60",AMBON,AMBON
152.,FJ,15/05/2025,2505-MX0333,2505-MX0333,FJ0001,FAJIR,PASAR RUMAH TIGA,,,SL12,Erwin Taneo,,PPN,Include,4100001212.,,D,2.00,CRT,120.00,PCS,0.00,"102,300.00","102,300.00","204,600.00",0.00,0.00,0.00,0.00,0.00,0.00,0.00,0.00,0.00,0.00,0.00,"204,600.00","92,162.16","184,324.32",0.00,"184,324.32",0.00,"184,324.32","20,275.68","204,600.00",AMBON,AMBON